File	Function Name	Type	Data Len	Encoding	White	Black	White 2	Black 2
ARM9	Data_StartModuleParams	Data	36	*******8	0x02004FB0	0x02004FB0	0x02004FB0	0x02004FB0
ARM9	GameInit	Code		thumb			0x02005264	0x02005264
ARM9	PlaySeqFullVol	Code		thumb			0x02006254	0x02006254
ARM9	SaveControl_Init	Code		thumb			0x020070F0	0x020070F0
ARM9	KeySystem_Init	Code		thumb	--	--	0x02010474	0x02010474
ARM9	KeySystem_Copy	Code		thumb	--	--	0x02010490	0x02010490
ARM9	Save_GetKeySystem	Code		thumb	--	--	0x020104A4	0x020104A4
ARM9	KeySystem_SetKeyObtained	Code		thumb	--	--	0x020104B0	0x020104B0
ARM9	KeySystem_IsKeyObtained	Code		thumb	--	--	0x020104C4	0x020104C4
ARM9	KeySystem_SetKeyEnabled	Code		thumb	--	--	0x020104E0	0x020104E0
ARM9	KeySystem_IsKeyEnabled	Code		thumb	--	--	0x020104F4	0x020104F4
ARM9	KeySystem_SetGameDifficulty	Code		thumb	--	--	0x02010514	0x02010514
ARM9	KeySystem_GetGameDifficulty	Code		thumb	--	--	0x02010528	0x02010528
ARM9	KeySystem_SetWhiteForestBlackCity	Code		thumb	--	--	0x02010550	0x02010550
ARM9	KeySystem_GetWhiteForestBlackCity	Code		thumb	--	--	0x02010564	0x02010564
ARM9	KeySystem_SetMysteryDoor	Code		thumb	--	--	0x0201058C	0x0201058C
ARM9	KeySystem_GetMysteryDoor	Code		thumb	--	--	0x020105A0	0x020105A0
ARM9	VM_LoadScript	Code		thumb	0x0201127C	0x0201127C	0x02015910	0x02015910
ARM9	VM_GetEnv	Code		thumb	0x02012134	0x02012134	0x020159DC	0x020159DC
ARM9	Script_ReadArg	Code		thumb	0x0201134C	0x0201134C	0x02015A04	0x02015A04
ARM9	GameData_GetSaveControlWork	Code		thumb	--	--	0x02017934	0x02017934
ARM9	Difficulty_AdjustPokeLevel	Code		thumb	--	--	0x020185D0	0x020185D0
ARM9	GetDifficultyLevelChange	Code		thumb	--	--	0x02018D08	0x02018CDC
ARM9	Unk_2019B14	Code		thumb	0x02014C24	0x02014C08	0x02019B14	0x02019AE8
ARM9	Unk_201B27C	Code		thumb	0x02016390	0x02016374	0x0201B27C	0x0201B250
ARM9	PML_CreatePoke	Code		thumb	0x02017638	0x0201761C	0x0201C524	0x0201C4F8
ARM9	GetPokeStat	Code		thumb	0x02017E38	0x02017E1C	0x0201CD24	0x0201CCF8
ARM9	SetPokeStat	Code		thumb	0x02017E5C	0x02017E40	0x0201CD48	0x0201CD1C
ARM9	GetPokeBoxData	Code		thumb	0x02017EA4	0x02017E88	0x0201CDB4	0x0201CD88
ARM9	IsPokeShiny	Code		thumb	0x02017ED0	0x02017EB4	0x0201CDE0	0x0201CDB4
ARM9	IsShiny	Code		thumb	0x02017EF4	0x02017ED8	0x0201CE04	0x0201CDD8
ARM9	GetGenderType	Code		thumb	0x02017F24	0x02017F08	0x0201CEE8	0x0201CEBC
ARM9	ReduceGenderType	Code		thumb	0x02017F6C	0x02017F50	0x0201CF30	0x0201CF04
ARM9	GetLevelFromExp	Code		thumb	0x02018528	0x0201850C	0x0201D568	0x0201D53C
ARM9	GetPokeNature	Code		thumb	0x020185BC	0x020185A0	0x0201D5FC	0x0201D5D0
ARM9	CalcPokeStats	Code		thumb	0x020185E0	0x020185C4	0x0201D620	0x0201D5F4
ARM9	GetHiddenPowerType	Code		thumb	0x020187AC	0x02018790	0x0201D7EC	0x0201D7C0
ARM9	GetHiddenPowerBP	Code		thumb	0x0201883C	0x02018820	0x0201D87C	0x0201D850
ARM9	UpdateAllPokeStats	Code		thumb	0x02018A98	0x02018A7C	0x0201DB3C	0x0201DB10
ARM9	ReadPokeBoxData	Code		thumb	0x02018E50	0x02018E34	0x0201DEF4	0x0201DEC8
ARM9	WritePokeBoxData	Code		thumb	0x020193A4	0x02019388	0x0201E458	0x0201E42C
ARM9	GeneratePokeChecksum	Code		thumb	0x02019AB8	0x02019A9C	0x0201ED54	0x0201ED28
ARM9	IsPokeNicknamed	Code		thumb	0x02019AD8	0x02019ABC	0x0201ED74	0x0201ED48
ARM9	GetTypeForPlate	Code		thumb	0x02019BD8	0x02019BBC	0x0201EE74	0x0201EE48
ARM9	GetPokeBlockShuffle	Code		thumb	0x02019C54	0x02019C38	0x0201EEF0	0x0201EEC4
ARM9	GetPersonalField	Code		thumb	0x02019CAC	0x02019C90	0x0201EF48	0x0201EF1C
ARM9	GetPartySize	Code		thumb	0x0201AA34	0x0201AA18	0x0201FE24	0x0201FDF8
ARM9	GetPartyPokeAddress	Code		thumb	0x0201AB44	0x0201AB28	0x0201FF34	0x0201FF08
ARM9	ReadPokePersonalData	Code		thumb	0x0201AE38	0x0201AE1C	0x020202D8	0x020202AC
ARM9	DoesPokerusHaveDuration	Code		thumb	0x0201B284	0x0201B268	0x0202076C	0x02020740
ARM9	PokeHasPokerus	Code		thumb	0x0201B2A8	0x0201B28C	0x02020790	0x02020764
ARM9	GetMoveData	Code		thumb	0x0201BD44	0x0201BD28	0x020212AC	0x02021280
ARM9	MoveHasFlag	Code		thumb	0x0201BED4	0x0201BEB8	0x0202143C	0x02021410
ARM9	GetMoveConditionDurationData	Code		thumb	0x0201BF74	0x0201BF58	0x020214DC	0x020214B0
ARM9	GetMoveStatChangeStat	Code		thumb	0x0201C03C	0x0201C020	0x020215A4	0x02021578
ARM9	GetMoveStatChangeStage	Code		thumb	0x0201C0D8	0x0201C0BC	0x02021640	0x02021614
ARM9	GetMoveMaxPP	Code		thumb	0x0201C174	0x0201C158	0x020216DC	0x020216B0
ARM9	GetMoveWeather	Code		thumb	0x0201C1A0	0x0201C184	0x02021708	0x020216DC
ARM9	GetMoveQuality	Code		thumb	0x0201C1D8	0x0201C1BC	0x02021740	0x02021714
ARM9	GetMoveType	Code		thumb	0x0201C1E4	0x0201C1C8	0x0202174C	0x02021720
ARM9	GetMoveBasePower	Code		thumb	0x0201C1F4	0x0201C1D8	0x0202175C	0x02021730
ARM9	GetMoveCategory	Code		thumb	0x0201C204	0x0201C1E8	0x0202176C	0x02021740
ARM9	IsMoveAlwaysHit	Code		thumb	0x0201C210	0x0201C1F4	0x02021778	0x0202174C
ARM9	IsMoveAlwaysCrit	Code		thumb	0x0201C2A0	0x0201C284	0x02021808	0x020217DC
ARM9	IsMoveDamaging	Code		thumb	0x0201C330	0x0201C314	0x02021898	0x0202186C
ARM9	GFL_WordSetLoadMsg	Code		thumb	0x0201EDEC	0x0201EDD4	0x0202436C	0x02024340
ARM9	LoadAbilityNameToStrbuf	Code		thumb	0x0201EFA8	0x0201EF90	0x0202452C	0x02024500
ARM9	LoadMonthToStrbuf	Code		thumb	0x0201F24C	0x0201F234	0x0202492C	0x02024900
ARM9	GFL_WordSetFormatStrbuf	Code		thumb	0x0201F26C	0x0201F254	0x0202494C	0x02024920
ARM9	GFL_WordSetClearAll	Code		thumb	0x0201F338	0x0201F320	0x02024A00	0x020249D4
ARM9	PML_SpeciesNamesResidentInit	Code		thumb	0x0201F360	0x0201F348	0x02024A28	0x020249FC
ARM9	GFL_WordSetFormatNumber	Code		thumb	0x0201F372	0x0201F35A	0x02024A40	0x02024A14
ARM9	WCharsNCopy	Code		thumb	0x0201F438	0x0201F420	0x02024B00	0x02024AD4
ARM9	Item_GetIndex	Code		thumb			0x0202669C	0x02026670
ARM9	Item_GetData	Code		thumb	0x02020F50	0x02020F34	0x0202676C	0x02026740
ARM9	IsItemBerry	Code		thumb			0x02026C20	0x02026BF4
ARM9	GetTrainerData	Code		thumb	0x0202A248	0x0202A230	0x0203050C	0x020304E0
ARM9	LoadTrainerFile	Code		thumb	0x0202A3C4	0x0202A3AC	0x0203070C	0x020306E0
ARM9	LoadTrPokeFile	Code		thumb	0x0202A3D4	0x0202A3BC	0x02030750	0x02030724
ARM9	ShooterItem_GetTableIndex	Code		thumb			0x02035970	0x02035944
ARM9	Title_Proc	Code		thumb			0x02036318	0x020362EC
ARM9	GFL_HeapAllocate	Code		arm,thumb	0x0203074C	0x02030734	0x0203A228	0x0203A1FC
ARM9	GFL_HeapFree	Code		thumb			0x0203A278	0x0203A24C
ARM9	GFL_TCBMgrAddTask	Code		arm,thumb	0x02030DC0	0x02030DA8	0x0203A640	0x0203A614
ARM9	GFL_HIDGetNewPressKeys	Code		thumb			0x0203DF28	0x0203DEFC
ARM9	GFL_HIDGetReleasedKeys	Code		thumb			0x0203DF70	0x0203DF44
ARM9	GFL_RandomMT	Code		arm,thumb	0x0203F0C0	0x0203F0A8	0x02043F58	0x02043F2C
ARM9	GetCRC16	Code		thumb	0x0203F214	0x0203F1FC	0x02044088	0x0204405C
ARM9	BuildSeed	Code		arm,thumb	0x0203F270	0x0203F258	0x020440C4	0x02044098
ARM9	AddUpDataStream	Code		thumb	0x0203F314	0x0203F2FC	0x0204412C	0x02044100
ARM9	DecryptData	Code		thumb	0x0203F340	0x0203F328	0x02044148	0x0204411C
ARM9	CryptSAVBVideoMGMiscData	Code		thumb	0x0203F3A0	0x0203F388	0x0204417C	0x02044150
ARM9	Unk_204419C	Code		arm,thumb	0x0203F3CC	0x0203F3B4	0x0204419C	0x02044170
ARM9	Unk_20441C4	Code		arm,thumb	0x0203F408	0x0203F3F0	0x020441C4	0x02044198
ARM9	Unk_20441E8	Code		arm,thumb	0x0203F444	0x0203F42C	0x020441E8	0x020441BC
ARM9	Unk_204421C	Code		arm,thumb	0x0203F484	0x0203F46C	0x0204421C	0x020441F0
ARM9	RTC_GetCachedDateTime	Code		arm,thumb	0x0203F4B4	0x0203F49C	0x0204423C	0x02044210
ARM9	RTC_GetCachedTime	Code		arm,thumb	0x0203F4E4	0x0203F4CC	0x02044264	0x02044238
ARM9	RTC_GetCachedDate	Code		arm,thumb	0x0203F4FC	0x0203F4E4	0x02044278	0x0204424C
ARM9	RTC_ConvertDaySecondsCached	Code		arm,thumb	0x0203F514	0x0203F4FC	0x0204428C	0x02044260
ARM9	RTC_ConvertSecondsCached	Code		arm,thumb	0x0203F53C	0x0203F524	0x020442B0	0x02044284
ARM9	Unk_20442C4	Code		arm,thumb	0x0203F558	0x0203F540	0x020442C4	0x02044298
ARM9	Unk_2044330	Code		arm,thumb	0x0203F614	0x0203F5FC	0x02044330	0x02044304
ARM9	Unk_204435C	Code		arm,thumb	0x0203F654	0x0203F63C	0x0204435C	0x02044330
ARM9	Unk_2044404	Code		arm,thumb	0x0203F780	0x0203F768	0x02044404	0x020443D8
ARM9	Unk_2044430	Code		arm,thumb	0x0203F7DC	0x0203F7C4	0x02044430	0x02044404
ARM9	GFL_BGSysCreate	Code		arm,thumb	0x0203F90C	0x0203F8F4	0x020444D0	0x020444A4
ARM9	GFL_BGSysFree	Code		arm,thumb	0x0203F9CC	0x0203F9B4	0x02044554	0x02044528
ARM9	GFL_BGSysAllocChar	Code		arm,thumb	0x0203FA20	0x0203FA08	0x02044590	0x02044564
ARM9	GFL_BGSysAllocCharAt	Code		arm,thumb	0x0203FB08	0x0203FAF0	0x02044650	0x02044624
ARM9	GFL_BGSysFreeCharMemory	Code		arm,thumb	0x0203FB5C	0x0203FB44	0x02044694	0x02044668
ARM9	GFL_BGSysSetLCDConfig	Code		arm,thumb	0x0203FC40	0x0203FC28	0x0204473C	0x02044710
ARM9	GFL_BGSysSetLCDConfigForEngine	Code		arm,thumb	0x0203FC84	0x0203FC6C	0x02044774	0x02044748
ARM9	GFL_BGSysCreateBG	Code		arm,thumb	0x0203FCB8	0x0203FCA0	0x02044798	0x0204476C
ARM9	GFL_BGSysReleaseBG	Code		arm,thumb	0x0204040C	0x020403F4	0x02044BB0	0x02044B84
ARM9	GFL_BGSysSet3DBGPriority	Code		arm,thumb	0x02040464	0x0204044C	0x02044BE4	0x02044BB8
ARM9	GFL_BGSysSetBGEnabled	Code		arm,thumb	0x020405A0	0x02040588	0x02044CC4	0x02044C98
ARM9	GFL_BGSysMoveBG	Code		arm,thumb	0x02040630	0x02040618	0x02044D28	0x02044CFC
ARM9	GFL_BGSysGetBGOffsetX	Code		arm,thumb	0x02040800	0x020407E8	0x02044E8C	0x02044E60
ARM9	GFL_BGSysGetBGOffsetY	Code		arm,thumb	0x0204081C	0x02040804	0x02044EA0	0x02044E74
ARM9	GFL_BGSysSetBGTransformEx	Code		arm,thumb	0x02040838	0x02040820	0x02044EB4	0x02044E88
ARM9	GFL_BGSysSetBGTransform	Code		arm,thumb	0x02040878	0x02040860	0x02044EDC	0x02044EB0
ARM9	GFL_BGSysTransferUncomp	Code		arm,thumb	0x02040980	0x02040968	0x02044F84	0x02044F58
ARM9	GFL_BGSysLoadScr	Code		arm,thumb	0x020409CC	0x020409B4	0x02044FBC	0x02044F90
ARM9	GFL_BGSysLoadScrCore	Code		arm,thumb	0x020409F8	0x020409E0	0x02044FDC	0x02044FB0
ARM9	GFL_BGSysBufferScrDefault	Code		arm,thumb	0x02040AF8	0x02040AE0	0x02045080	0x02045054
ARM9	GFL_BGSysBufferScr	Code		arm,thumb	0x02040B08	0x02040AF0	0x0204508C	0x02045060
ARM9	GFL_BGSysLoadChar	Code		arm,thumb	0x02040B34	0x02040B1C	0x020450AC	0x02045080
ARM9	GFL_BGSysLoadCharDynamic	Code		arm,thumb	0x02040B70	0x02040B58	0x020450D4	0x020450A8
ARM9	GFL_BGSysClearCharCore	Code		arm,thumb	0x02040BAC	0x02040B94	0x020450F8	0x020450CC
ARM9	GFL_BGSysFillChar	Code		arm,thumb	0x02040C2C	0x02040C14	0x02045144	0x02045118
ARM9	GFL_BGSysFreeFilledChar	Code		arm,thumb	0x02040DC0	0x02040DA8	0x02045290	0x02045264
ARM9	GFL_BGSysUploadStdPalette	Code		arm,thumb	0x02040E90	0x02040E78	0x0204534C	0x02045320
ARM9	GFL_BGSysResetStdPalette	Code		arm,thumb	0x02040ED4	0x02040EBC	0x0204537C	0x02045350
ARM9	GFL_BGSysConvCoordsToTileIndex	Code		arm,thumb	0x02040EF8	0x02040EE0	0x02045394	0x02045368
ARM9	GFL_BGSysConvCoordsToTileIndexEx	Code		arm,thumb	0x02040F9C	0x02040F84	0x02045404	0x020453D8
ARM9	GFL_BGSysLoadScrAreaAll	Code		arm,thumb	0x020410A8	0x02041090	0x020454D8	0x020454AC
ARM9	GFL_BGSysLoadScrArea	Code		arm,thumb	0x020410E8	0x020410D0	0x02045500	0x020454D4
ARM9	GFL_BGSysLoadScrAreaLarge	Code		arm,thumb	0x02041200	0x020411E8	0x02045598	0x0204556C
ARM9	GFL_BGSysFillScrArea	Code		arm,thumb	0x02041318	0x02041300	0x02045630	0x02045604
ARM9	GFL_BGSysSetScrPaletteNo	Code		arm,thumb	0x020413C8	0x020413B0	0x02045698	0x0204566C
ARM9	GFL_BGSysClearBG	Code		arm,thumb	0x020414C4	0x020414AC	0x02045734	0x02045708
ARM9	GFL_BGSysClearChar	Code		arm,thumb	0x020414DC	0x020414C4	0x02045744	0x02045718
ARM9	GFL_BGSysClearScr	Code		arm,thumb	0x02041504	0x020414EC	0x02045764	0x02045738
ARM9	GFL_BGSysFillScr	Code		arm,thumb	0x02041544	0x0204152C	0x02045790	0x02045764
ARM9	GFL_BGSysFillScrAsync	Code		arm,thumb	0x02041588	0x02041570	0x020457BC	0x02045790
ARM9	GFL_BGSysGetBGCharAddress	Code		arm,thumb	0x020415CC	0x020415B4	0x020457E8	0x020457BC
ARM9	GFL_BGSysIsScrHeapExists	Code		arm,thumb	0x02041644	0x0204162C	0x02045840	0x02045814
ARM9	GFL_BGSysGetBGOffsetX2	Code		arm,thumb	0x02041660	0x02041648	0x02045854	0x02045828
ARM9	GFL_BGSysGetBGOffsetY2	Code		arm,thumb	0x0204167C	0x02041664	0x02045868	0x0204583C
ARM9	GFL_BGSysGetBGMode	Code		arm,thumb	0x02041698	0x02041680	0x0204587C	0x02045850
ARM9	GFL_BGSysGetBGColorPaletteMode	Code		arm,thumb	0x020416B4	0x0204169C	0x02045890	0x02045864
ARM9	GFL_BGSysGetBGBytesPerTile	Code		arm,thumb	0x020416D0	0x020416B8	0x020458A4	0x02045878
ARM9	GFL_BGSysGetBGPriority	Code		arm,thumb	0x020416EC	0x020416D4	0x020458B8	0x0204588C
ARM9	GFL_BGSysUpdate	Code		arm,thumb	0x020419FC	0x020419E4	0x02045A88	0x02045A5C
ARM9	GFL_BGSysLoadQueuedScreens	Code		arm,thumb	0x02041A34	0x02041A1C	0x02045AAC	0x02045A80
ARM9	GFL_BGSysQueueScrLoad	Code		arm,thumb	0x02041B84	0x02041B6C	0x02045BA8	0x02045B7C
ARM9	GFL_BGSysFlushTransform	Code		arm,thumb	0x02041BAC	0x02041B94	0x02045BC0	0x02045B94
ARM9	GFL_BGSysMoveBGReq	Code		arm,thumb	0x02041EFC	0x02041EE4	0x02045E48	0x02045E1C
ARM9	LoadBackgroundTilesetToVram	Code		arm,thumb	0x02042520	0x02042508	0x02046258	0x0204622C
ARM9	LoadBGTileDataToVram	Code		arm,thumb	0x020425CC	0x020425B4	0x020462C8	0x0204629C
ARM9	InitVRAM	Code		arm,thumb	0x02043374	0x0204335C	0x02046C0C	0x02046BE0
ARM9	SetGxBanks	Code		arm,thumb	0x020433F8	0x020433E0	0x02046C6C	0x02046C40
ARM9	GFL_BitmapFill	Code		arm,thumb	0x02043B74	0x02043B5C	0x02047168	0x0204713C
ARM9	BmpWin_GetBitmap	Code		arm,thumb	0x02045788	0x02045770	0x02048520	0x020484F4
ARM9	BmpWin_GetPaletteIndex	Code		arm,thumb	0x02045790	0x02045778	0x02048524	0x020484F8
ARM9	WCharsCopy	Code		arm,thumb	0x0204593C	0x02045924	0x02048640	0x02048614
ARM9	GFL_StrBufStoreString	Code		thumb	0x02045A50	0x02045A38	0x020486E4	0x020486B8
ARM9	GFL_StrBufGetStringPtr	Code		thumb	0x02045AA8	0x02045A90	0x0204871C	0x020486F0
ARM9	GFL_StrBufGetTerminator	Code		thumb	0x02045AB0	0x02045A98	0x02048720	0x020486F4
ARM9	GetTextFillStrBuf	Code		arm,thumb	0x02045CC4	0x02045CAC	0x02048864	0x02048838
ARM9	GFL_MsgDataLoadRawStr	Code		arm,thumb	0x02045F74	0x02045F5C	0x02048A1C	0x020489F0
ARM9	GFL_MsgDataCreateFileHandle	Code		arm,thumb	0x0204609C	0x02046084	0x02048AD8	0x02048AAC
ARM9	GFL_MsgDataPreloadFull	Code		arm,thumb	0x02046128	0x02046110	0x02048B2C	0x02048B00
ARM9	GFL_MsgDataUpdateLanguage	Code		arm,thumb	0x02046198	0x02046180	0x02048B70	0x02048B44
ARM9	GFL_MsgDataInitValidLangID	Code		arm,thumb	0x020461D0	0x020461B8	0x02048B90	0x02048B64
ARM9	GFL_MsgDataGetDefaultLangID	Code		arm,thumb	0x020461FC	0x020461E4	0x02048BB0	0x02048B84
ARM9	GFL_SystemFontInit	Code		arm,thumb	0x0204620C	0x020461F4	0x02048BBC	0x02048B90
ARM9	GFL_SystemFontGetGlyph	Code		arm,thumb	0x02046318	0x02046300	0x02048C58	0x02048C2C
ARM9	GFL_SystemFontUnpackBits	Code		arm,thumb	0x020463A4	0x0204638C	0x02048CC0	0x02048C94
ARM9	GFL_SystemFontGetHeight	Code		arm,thumb	0x020463D8	0x020463C0	0x02048CE8	0x02048CBC
ARM9	GFL_SystemFontGetTabSize	Code		arm,thumb	0x020463F0	0x020463D8	0x02048CF8	0x02048CCC
ARM9	GFL_SystemFontSetColorIndices	Code		arm,thumb	0x020463F8	0x020463E0	0x02048CFC	0x02048CD0
ARM9	GFL_G3DSysCreate	Code		arm,thumb	0x02046458	0x02046440	0x02048D54	0x02048D28
ARM9	GFL_G3DSysFree	Code		arm,thumb	0x020467A0	0x02046788	0x02048F70	0x02048F44
ARM9	GFL_G3DSysMtxGetProjection	Code		arm,thumb	0x02046804	0x020467EC	0x02048FB0	0x02048F84
ARM9	GFL_G3DSysMtxSetProjection	Code		arm,thumb	0x02046870	0x02046858	0x02048FE8	0x02048FBC
ARM9	GFL_G3DSysLightSet	Code		arm,thumb	0x02046AAC	0x02046A94	0x0204912C	0x02049100
ARM9	GFL_G3DSysMtxGetViewLookAt	Code		arm,thumb	0x02046B14	0x02046AFC	0x02049178	0x0204914C
ARM9	GFL_G3DSysMtxSetViewLookAt	Code		arm,thumb	0x02046B58	0x02046B40	0x020491B4	0x02049188
ARM9	GFL_G3DSysSetSwapBufferParams	Code		arm,thumb	0x02046BF8	0x02046BE0	0x02049240	0x02049214
ARM9	GFL_G3DSysMtxSetFlushMode	Code		arm,thumb	0x02046C3C	0x02046C24	0x02049274	0x02049248
ARM9	NNS_G3DFlushProjection	Code		arm,thumb	0x02046CA0	0x02046C88	0x020492B4	0x02049288
ARM9	GFL_G3DResGetAllocSize	Code		arm,thumb	0x02046CAC	0x02046C94	0x020492BC	0x02049290
ARM9	GFL_G3DResBindData	Code		arm,thumb	0x02046CB4	0x02046C9C	0x020492C0	0x02049294
ARM9	GFL_G3DResSetup	Code		arm,thumb	0x02046CF8	0x02046CE0	0x020492E8	0x020492BC
ARM9	GFL_G3DSysReadArcSysResource	Code		arm,thumb	0x02046DD0	0x02046DB8	0x02049370	0x02049344
ARM9	GFL_G3DSysReadArcToolResource	Code		arm,thumb	0x02046E3C	0x02046E24	0x020493B0	0x02049384
ARM9	GFL_G3DSysReadFSResource	Code		arm,thumb	0x02046EA8	0x02046E90	0x020493F0	0x020493C4
ARM9	GFL_G3DResFree	Code		arm,thumb	0x02046F14	0x02046EFC	0x02049430	0x02049404
ARM9	GFL_G3DResGetResData	Code		arm,thumb	0x02046F60	0x02046F48	0x0204945C	0x02049430
ARM9	GFL_G3DResCheckType	Code		arm,thumb	0x02046F68	0x02046F50	0x02049460	0x02049434
ARM9	GFL_G3DResTrimTexData	Code		arm,thumb	0x02046FE4	0x02046FCC	0x020494BC	0x02049490
ARM9	GFL_G3DResUploadTexData	Code		arm,thumb	0x02047010	0x02046FF8	0x020494D8	0x020494AC
ARM9	GFL_G3DResUploadAndReleaseTexData	Code		arm,thumb	0x020470C0	0x020470A8	0x02049544	0x02049518
ARM9	GFL_G3DResFreeTexData	Code		arm,thumb	0x020470E8	0x020470D0	0x02049560	0x02049534
ARM9	GFL_G3DResSetupTexData	Code		arm,thumb	0x02047198	0x02047180	0x020495CC	0x020495A0
ARM9	GFL_G3DResUploadTexDataCore	Code		arm,thumb	0x0204721C	0x02047204	0x0204961C	0x020495F0
ARM9	GFL_G3DResGetTexData	Code		arm,thumb	0x02047268	0x02047250	0x0204964C	0x02049620
ARM9	GFL_G3DResAllocTexMem	Code		arm,thumb	0x02047278	0x02047260	0x02049658	0x0204962C
ARM9	GFL_ArcSysReadHeapNew	Code		arm,thumb	0x02048F78	0x02048F60	0x0204A960	0x0204A934
ARM9	GFL_G2DSysReadArcPaletteResource	Code		thumb			0x0204B380	0x0204B354
ARM9	sys_memset16	Code		arm	0x02082A60	0x02082A48	0x02078650	0x02078624
ARM9	sys_memset	Code		arm			0x020787D4	0x020787A8
ARM9	memcpyx	Code		arm			0x0207894C	0x02078920
ARM9	Mod64Signed	Code		arm	0x0209BE64	0x0209BE4C	0x0208D430	0x0208D404
ARM9	Divide64Signed	Code		arm	0x0209BE74	0x0209BE5C	0x0208D440	0x0208D414
ARM9	Divide64Unsigned	Code		arm	0x0209C024	0x0209C00C	0x0208D5F0	0x0208D5C4
ARM9	Mod64	Code		arm	0x0209C030	0x0209C018	0x0208D5FC	0x0208D5D0
ARM9	Multiply64	Code		arm	0x0209C06C	0x0209C054	0x0208D638	0x0208D60C
ARM9	LeftShift64	Code		arm	0x0209C08C	0x0209C074	0x0208D658	0x0208D62C
ARM9	DivideModSigned	Code		arm	0x0209C0BC	0x0209C0A4	0x0208D688	0x0208D65C
ARM9	DivideModUnsigned	Code		arm	0x0209C2C8	0x0209C2B0	0x0208D894	0x0208D868
ARM9	Data_ItemPockets	Data	640		--	--	0x0208F4FC	0x0208F4D0
ARM9	Data_EnemyPartyIndices	Data	8		--	--	0x02090094	0x02090068
ARM9	Data_StatNatureAdjust	Data	128		0x0209E2BC	0x0209E2A4	0x020903A0	0x02090374
ARM9	Data_NatureStat	Data	128		0x0209E33C	0x0209E324	0x02090420	0x020903F4
ARM9	Data_BerryIDs	Data	128				0x02090B78	0x02090B4C
ARM9	Data_ShooterItemSpriteMap	Data	184				0x02090BF8	0x02090BCC
ARM9	Data_ItemSpriteMap	Data	2556		0x0209EB84	0x0209EB6C	0x02090D7C	0x02090D50
ARM9	Data_CurrentMsg	Data	4		0x020A7390	0x020A7378	0x0209A474	0x0209A448
ARM9	Data_MoveCache	Data	20160		0x02146554	0x02146534	0x02141434	0x021413F4
Bag	Sort_Name	Code		thumb			0x0219B904	0x0219B8C4
Bag	Sort_RepositoryNo	Code		thumb			0x021A0788	0x021A0748
Bag	Data_ItemsAlphabetical	Data	568				0x021A1178	0x021A1138
Battle	Setup_GetBattleStyle	Code		thumb	0x021B85A8	0x021B8588	0x0219BDC0	0x0219BD80
Battle	MainModule_GetBattleType	Code		thumb	0x021B86D8	0x021B86B8	0x0219BF14	0x0219BED4
Battle	MainModule_AreClientIDsOpposing	Code		thumb	0x021B8D08	0x021B8CE8	0x0219C594	0x0219C554
Battle	PokeIdToClientId	Code		thumb	0x021B8D28	0x021B8D08	0x0219C5B4	0x0219C574
Battle	GetActiveFoes	Code		thumb	0x021B8D58	0x021B8D38	0x0219C5E4	0x0219C5A4
Battle	PokeIdToPos	Code		thumb	0x021B8DAC	0x021B8D8C	0x0219C638	0x0219C5F8
Battle	MainModule_GetDebugFlag	Code		thumb	0x021B913C	0x021B911C	0x0219CA38	0x0219C9F8
Battle	GetIllusionDisguise	Code		thumb	0x021B939C	0x021B937C	0x0219CC98	0x0219CC58
Battle	PokeCon_GetPoke	Code		thumb	0x021B9954	0x021B9934	0x0219D250	0x0219D210
Battle	PokeCon_GetBattleMonConst	Code		thumb	0x021B9960	0x021B9940	0x0219D25C	0x0219D21C
Battle	IsAllyPokeId	Code		thumb	0x021B9A44	0x021B9A24	0x0219D340	0x0219D300
Battle	GetTeamIdFromPokePos	Code		thumb	0x021B9A60	0x021B9A40	0x0219D35C	0x0219D31C
Battle	GetSideFromOpposingPokeId	Code		thumb	0x021B9A70	0x021B9A50	0x0219D36C	0x0219D32C
Battle	RotationToPartyIdx	Code		thumb	0x021B9AD0	0x021B9AB0	0x0219D3CC	0x0219D38C
Battle	PartyIdToTeamId	Code		thumb	0x021B9B00	0x021B9AE0	0x0219D3FC	0x0219D3BC
Battle	GetParty	Code		thumb	0x021B9B0C	0x021B9AEC	0x0219D408	0x0219D3C8
Battle	BattleParty_GetPartyMember	Code		thumb			0x0219D524	0x0219D4E4
Battle	Setup_IsBattleType	Code		thumb			0x0219DB04	0x0219DAC4
Battle	BattleServer_GetClientWork	Code		thumb			0x0219F2A0	0x0219F260
Battle	BattleServer_GetNumActPoke	Code		thumb			0x0219F2EC	0x0219F2AC
Battle	BattleServer_GetAction	Code		thumb			0x0219F2F4	0x0219F2B4
Battle	ServerFlow_ActOrderProcMain	Code		thumb			0x0219FA10	0x0219F9D0
Battle	ServerFlow_UpdateActionPriority	Code		thumb			0x0219FB7C	0x0219FB3C
Battle	ServerControl_CheckMatchup	Code		thumb			0x0219FD44	0x0219FD04
Battle	ServerFlow_ReqChangePokeForServer	Code		thumb			0x0219FFB0	0x0219FF70
Battle	ServerFlow_GenerateActionOrder	Code		thumb			0x021A00E4	0x021A00A4
Battle	SortActionSub	Code		thumb			0x021A0348	0x021A0308
Battle	ServerEvent_GetMovePriority	Code		thumb			0x021A03C0	0x021A0380
Battle	ServerEvent_CalculateSpeed	Code		thumb	0x021BC968	0x021BC948	0x021A041C	0x021A03DC
Battle	ActionOrder_SearchByPokeID	Code		thumb			0x021A04E0	0x021A04A0
Battle	ActionOrderTool_Interrupt	Code		thumb			0x021A0670	0x021A0630
Battle	ActionOrderTool_SendToLast	Code		thumb			0x021A0728	0x021A06E8
Battle	ActionOrder_Proc	Code		thumb			0x021A07B8	0x021A0778
Battle	ServerControl_CheckActivation	Code		thumb			0x021A1714	0x021A16D4
Battle	ServerControl_MoveStart	Code		thumb			0x021A2740	0x021A2700
Battle	ServerControl_SubstituteExclude	Code		thumb			0x021A2C9C	0x021A2C5C
Battle	ServerControl_IsGuaranteedHit	Code		thumb			0x021A2E0C	0x021A2DCC
Battle	ServerControl_CheckNoEffect	Code		thumb			0x021A2F94	0x021A2F54
Battle	ServerControl_CheckNoEffectCore	Code		thumb			0x021A31D0	0x021A3190
Battle	ServerControl_MoveExeCheck1	Code		thumb	0x021C003C	0x021C001C	0x021A3B00	0x021A3AC0
Battle	ServerControl_CheckMoveExeFreezeThaw	Code		thumb	0x021C0424	0x021C0404	0x021A3EE8	0x021A3EA8
Battle	ServerDisplay_MoveExecuteFailMessage	Code		thumb	0x021C0540	0x021C0520	0x021A4004	0x021A3FC4
Battle	ServerControl_DamageRoot	Code		thumb	0x021C093C	0x021C091C	0x021A4400	0x021A43C0
Battle	ServerControl_DamageSingleCount	Code		thumb			0x021A4870	0x021A4830
Battle	ServerControl_DamageMultiCount	Code		thumb			0x021A4A04	0x021A49C4
Battle	ServerControl_DamageSide	Code		thumb			0x021A4C84	0x021A4C44
Battle	ServerControl_DamageSideCore	Code		thumb			0x021A4CD0	0x021A4C90
Battle	ServerControl_DamageFreezeThaw	Code		thumb	0x021C1D00	0x021C1CE0	0x021A57C4	0x021A5784
Battle	ServerEvent_CalcDamage	Code		thumb	0x021C1E94	0x021C1E74	0x021A5958	0x021A5918
Battle	ServerControl_CheckSimpleDamageEnabled	Code		thumb	0x021C20DC	0x021C20BC	0x021A5BAC	0x021A5B6C
Battle	ServerControl_SimpleDamageCore	Code		thumb	0x021C20F0	0x021C20D0	0x021A5BC0	0x021A5B80
Battle	ServerEvent_GetWeather	Code		thumb	0x021C2AD0	0x021C2AB0	0x021A65A0	0x021A6560
Battle	ServerEvent_GetWeightRatio	Code		thumb			0x021A65E0	0x021A65A0
Battle	ServerEvent_MoveConditionCheckFail	Code		thumb			0x021A662C	0x021A65EC
Battle	WazaSerial_Inc	Code		thumb			0x021A693C	0x021A68FC
Battle	ServerControl_MoveStatStageChangeEffectCommon	Code		thumb			0x021A6954	0x021A6914
Battle	ServerEvent_GetMoveStatChangeValue	Code		thumb			0x021A6A60	0x021A6A20
Battle	ServerControl_StatStageChangeCore	Code		thumb			0x021A6AF8	0x021A6AB8
Battle	ServerEvent_CheckSubstituteInteraction	Code		thumb			0x021A6C1C	0x021A6BDC
Battle	ServerControl_SimpleRecover	Code		thumb			0x021A6D64	0x021A6D24
Battle	ServerControl_RecoverHP	Code		thumb			0x021A6E3C	0x021A6DFC
Battle	ServerControl_RecoverHPCheckFail	Code		thumb			0x021A6E60	0x021A6E20
Battle	ServerControl_RecoverHPCheckFailSpecial	Code		thumb			0x021A6E84	0x021A6E44
Battle	ServerControl_RecoverHPCore	Code		thumb			0x021A6ED8	0x021A6E98
Battle	ServerControl_FieldEffect	Code		thumb			0x021A7598	0x021A7558
Battle	ServerControl_ChangeWeather	Code		thumb			0x021A7658	0x021A7618
Battle	ServerControl_ChangeWeatherCheck	Code		thumb			0x021A767C	0x021A763C
Battle	ServerControl_ChangeWeatherCore	Code		thumb			0x021A76A8	0x021A7668
Battle	ServerControl_ChangeWeatherAfter	Code		thumb			0x021A76D0	0x021A7690
Battle	ServerEvent_IncreaseMoveWeatherTurns	Code		thumb			0x021A7700	0x021A76C0
Battle	ServerControl_SortBySpeed	Code		thumb			0x021A7EE0	0x021A7EA0
Battle	ServerControl_TurnCheck	Code		thumb			0x021A7F5C	0x021A7F1C
Battle	ServerControl_CheckResetShift	Code		thumb			0x021A8104	0x021A80C4
Battle	ServerControl_TurnCheck_CommSupport	Code		thumb			0x021A8234	0x021A81F4
Battle	ServerControl_TurnCheck_Sub	Code		thumb			0x021A8328	0x021A82E8
Battle	ServerControl_TurnCheckCondition	Code		thumb			0x021A842C	0x021A83EC
Battle	ConditionDamageRecall	Code		thumb	0x021C4A84	0x021C4A64	0x021A8564	0x021A8524
Battle	ServerEvent_ConditionDamage	Code		thumb	0x021C4B5C	0x021C4B3C	0x021A863C	0x021A85FC
Battle	ServerControl_TurnCheck_Side	Code		thumb	0x021C4BAC	0x021C4B8C	0x021A868C	0x021A864C
Battle	ServerControl_SideStatusEndMessage	Code		thumb	0x021C4BBC	0x021C4B9C	0x021A869C	0x021A865C
Battle	ServerControl_SideStatusEndMessageCore	Code		thumb	0x021C4BCC	0x021C4BAC	0x021A86AC	0x021A866C
Battle	ServerControl_TurnCheck_Field	Code		thumb	0x021C4C44	0x021C4C24	0x021A8724	0x021A86E4
Battle	ServerControl_TurnCheck_Weather	Code		thumb	0x021C4D3C	0x021C4D1C	0x021A881C	0x021A87DC
Battle	ServerEvent_CheckWeatherReaction	Code		thumb	0x021C4E58	0x021C4E38	0x021A8938	0x021A88F8
Battle	ServerDisplay_WeatherDamage	Code		thumb	0x021C4EC4	0x021C4EA4	0x021A89A4	0x021A8964
Battle	ServerControl_CheckFainted	Code		thumb	0x021C4F84	0x021C4F64	0x021A8A64	0x021A8A24
Battle	ServerControl_CheckExpGet	Code		thumb	0x021C5220	0x021C5200	0x021A8D00	0x021A8CC0
Battle	ServerControl_GetExp	Code		thumb	0x021C5328	0x021C5308	0x021A8E2C	0x021A8DEC
Battle	ServerDisplay_AddEffectAtPosition	Code		thumb	0x021C54A0	0x021C5480	0x021A8FD8	0x021A8F98
Battle	ServerDisplay_MoveMessage	Code		thumb	0x021C5624	0x021C5604	0x021A915C	0x021A911C
Battle	ServerDisplay_AbilityPopupAdd	Code		thumb	0x021C5A3C	0x021C5A1C	0x021A9574	0x021A9534
Battle	ServerDisplay_AbilityPopupRemove	Code		thumb	0x021C5A54	0x021C5A34	0x021A958C	0x021A954C
Battle	ServerDisplay_StatStageLimit	Code		thumb	0x021C5A6C	0x021C5A4C	0x021A95A4	0x021A9564
Battle	ServerDisplay_StatStage	Code		thumb	0x021C5AAC	0x021C5A8C	0x021A95E4	0x021A95A4
Battle	ServerDisplay_IllusionSet	Code		thumb	0x021C6178	0x021C6158	0x021A9CB0	0x021A9C70
Battle	ServerEvent_CheckSpecialPriority	Code		thumb	0x021C6370	0x021C6350	0x021A9EA8	0x021A9E68
Battle	ServerEvent_GetMoveParam	Code		thumb	0x021C64D4	0x021C64B4	0x021AA00C	0x021A9FCC
Battle	ServerEvent_CheckProtectBreak	Code		thumb	0x021C6688	0x021C6668	0x021AA1C0	0x021AA180
Battle	CheckCriticalHit	Code		thumb	0x021C6C18	0x021C6BF8	0x021AA750	0x021AA710
Battle	ServerControl_CheckFloating	Code		thumb	0x021C6F2C	0x021C6F0C	0x021AAA64	0x021AAA24
Battle	CallModifyEffectivenessHandler	Code		thumb	0x021C7058	0x021C7038	0x021AAB90	0x021AAB50
Battle	ServerControl_ViewEffect	Code		thumb	0x021C7104	0x021C70E4	0x021AAC3C	0x021AABFC
Battle	SetMultiStrikeData	Code		thumb	0x021C7200	0x021C71E0	0x021AAD38	0x021AACF8
Battle	ServerEvent_GetMovePower	Code		thumb	0x021C72AC	0x021C728C	0x021AADE4	0x021AADA4
Battle	ServerEvent_GetOffensiveValue	Code		thumb	0x021C7394	0x021C7374	0x021AAECC	0x021AAE8C
Battle	ServerEvent_GetDefensiveValue	Code		thumb	0x021C7494	0x021C7474	0x021AAFCC	0x021AAF8C
Battle	ServerEvent_STAB	Code		thumb	0x021C760C	0x021C75EC	0x021AB144	0x021AB104
Battle	ServerEvent_CheckStatChangeSuccess	Code		thumb			0x021AB308	0x021AB2C8
Battle	ServerEvent_StatStageChangeFailed	Code		thumb			0x021AB378	0x021AB338
Battle	ServerEvent_StatStageChangeApplied	Code		thumb			0x021AB3B4	0x021AB374
Battle	ServerEvent_MoveStatStageChangeApplied	Code		thumb			0x021AB400	0x021AB3C0
Battle	ServerEvent_NotifyAirLock	Code		thumb			0x021AB750	0x021AB710
Battle	GetPoke	Code		thumb	0x021C7D14	0x021C7CF4	0x021AB874	0x021AB834
Battle	Handler_GetExistFrontPokePos	Code		thumb	0x021C7D20	0x021C7D00	0x021AB880	0x021AB840
Battle	Handler_SimulationEffectivenessCore	Code		thumb	0x021C7DCC	0x021C7DAC	0x021AB92C	0x021AB8EC
Battle	Handler_SimulationDamage	Code		thumb	0x021C7E34	0x021C7E14	0x021AB994	0x021AB954
Battle	Handler_IsSimulationMode	Code		thumb	0x021C7EE4	0x021C7EC4	0x021ABA44	0x021ABA04
Battle	Handler_ExpandPokeID	Code		thumb	0x021C7F88	0x021C7F68	0x021ABAE8	0x021ABAA8
Battle	Handler_PokeIDToPokePos	Code		thumb	0x021C8030	0x021C8010	0x021ABB90	0x021ABB50
Battle	Handler_GetThisTurnAction	Code		thumb	0x021C806C	0x021C804C	0x021ABBCC	0x021ABB8C
Battle	Handler_GetTempWork	Code		thumb	0x021C8140	0x021C8120	0x021ABCA0	0x021ABC60
Battle	GetBattleStyle	Code		thumb	0x021C817C	0x021C815C	0x021ABCDC	0x021ABC9C
Battle	GetBattleType	Code		thumb	0x021C8188	0x021C8168	0x021ABCE8	0x021ABCA8
Battle	CheckEvolution	Code		thumb	0x021C81AC	0x021C818C	0x021ABD0C	0x021ABCCC
Battle	ServerEvent_CalcSpeed	Code		thumb	0x021C81E8	0x021C81C8	0x021ABD48	0x021ABD08
Battle	Handler_CheckFloating	Code		thumb	0x021C8254	0x021C8234	0x021ABDB4	0x021ABD74
Battle	Handler_IsItemUsable	Code		thumb	0x021C826C	0x021C824C	0x021ABDCC	0x021ABD8C
Battle	Handler_GetWeather	Code		thumb	0x021C82A8	0x021C8288	0x021ABE08	0x021ABDC8
Battle	PokeSideHasCondition	Code		thumb	0x021C82F0	0x021C82D0	0x021ABE50	0x021ABE10
Battle	IsPokeSwitchingOut	Code		thumb	0x021C832C	0x021C830C	0x021ABE8C	0x021ABE4C
Battle	AddSwitchOutInterrupt	Code		thumb	0x021C833C	0x021C831C	0x021ABE9C	0x021ABE5C
Battle	Handler_SetMoveAnimationIndex	Code		thumb	0x021C83FC	0x021C83DC	0x021ABF5C	0x021ABF1C
Battle	Handler_IsPosOpenForRevivedPoke	Code		thumb	0x021C8554	0x021C8534	0x021AC0B4	0x021AC074
Battle	Handler_StrClear	Code		thumb	0x021C8830	0x021C8810	0x021AC390	0x021AC350
Battle	Handler_StrIsEnabled	Code		thumb	0x021C8848	0x021C8828	0x021AC3A8	0x021AC368
Battle	Handler_StrSetup	Code		thumb	0x021C8858	0x021C8838	0x021AC3B8	0x021AC378
Battle	Handler_AddArg	Code		thumb	0x021C8880	0x021C8860	0x021AC3E0	0x021AC3A0
Battle	Handler_AddSfx	Code		thumb	0x021C88AC	0x021C888C	0x021AC40C	0x021AC3CC
Battle	Handler_PushWork	Code		thumb	0x021C88C4	0x021C88A4	0x021AC424	0x021AC3E4
Battle	Handler_PushRun	Code		thumb	0x021C88D4	0x021C88B4	0x021AC434	0x021AC3F4
Battle	Handler_PopWork	Code		thumb	0x021C88E8	0x021C88C8	0x021AC448	0x021AC408
Battle	Handler_Result	Code		thumb	0x021C8904	0x021C88E4	0x021AC464	0x021AC424
Battle	Handler_Execute	Code		thumb	0x021C8938	0x021C8918	0x021AC498	0x021AC458
Battle	Handler_UseHeldItemAnimation	Code		thumb			0x021AC7EC	0x021AC7AC
Battle	Handler_AbilityPopupAdd	Code		thumb			0x021AC83C	0x021AC7FC
Battle	Handler_AbilityPopupRemove	Code		thumb			0x021AC88C	0x021AC84C
Battle	Handler_RecoverHP	Code		thumb			0x021AC8AC	0x021AC86C
Battle	Handler_Drain	Code		thumb			0x021AC964	0x021AC924
Battle	Handler_Damage	Code		thumb			0x021AC9D8	0x021AC998
Battle	Handler_ChangeHP	Code		thumb			0x021ACAA4	0x021ACA64
Battle	Handler_RecoverPP	Code		thumb			0x021ACB24	0x021ACAE4
Battle	Handler_DecrementPP	Code		thumb			0x021ACB90	0x021ACB50
Battle	Handler_CureCondition	Code		thumb			0x021ACBE8	0x021ACBA8
Battle	Handler_AddCondition	Code		thumb			0x021ACCF8	0x021ACCB8
Battle	Handler_ChangeStatStage	Code		thumb			0x021ACDD0	0x021ACD90
Battle	Handler_SetStatStage	Code		thumb			0x021ACF14	0x021ACED4
Battle	Handler_ResetStat	Code		thumb			0x021ACFC8	0x021ACF88
Battle	Handler_ResetStatStage	Code		thumb			0x021ACFFC	0x021ACFBC
Battle	Handler_SetStat	Code		thumb			0x021AD048	0x021AD008
Battle	Handler_Faint	Code		thumb			0x021AD150	0x021AD110
Battle	Handler_ChangeType	Code		thumb			0x021AD1AC	0x021AD16C
Battle	Handler_Message	Code		thumb			0x021AD254	0x021AD214
Battle	Handler_SetTurnFlag	Code		thumb			0x021AD2A8	0x021AD268
Battle	Handler_ResetTurnFlag	Code		thumb			0x021AD2D0	0x021AD290
Battle	Handler_SetConditionFlag	Code		thumb			0x021AD2F8	0x021AD2B8
Battle	Handler_ResetConditionFlag	Code		thumb			0x021AD324	0x021AD2E4
Battle	Handler_AddSideEffect	Code		thumb			0x021AD350	0x021AD310
Battle	Handler_RemoveSideEffect	Code		thumb			0x021AD3A8	0x021AD368
Battle	Handler_AddFieldEffect	Code		thumb			0x021AD418	0x021AD3D8
Battle	Handler_RemoveFieldEffect	Code		thumb			0x021AD444	0x021AD404
Battle	Handler_ChangeWeather	Code		thumb			0x021AD464	0x021AD424
Battle	Handler_SetString	Code		thumb			0x021AD520	0x021AD4E0
Battle	Handler_AddPosEffect	Code		thumb			0x021AD5A4	0x021AD564
Battle	Handler_ChangeAbility	Code		thumb			0x021AD5E0	0x021AD5A0
Battle	Handler_SetHeldItem	Code		thumb			0x021AD738	0x021AD6F8
Battle	Handler_SwapItem	Code		thumb			0x021AD840	0x021AD800
Battle	Handler_CheckHeldItem	Code		thumb			0x021AD94C	0x021AD90C
Battle	Handler_UseHeldItem	Code		thumb			0x021AD968	0x021AD928
Battle	Handler_ForceUseHeldItem	Code		thumb			0x021AD9BC	0x021AD97C
Battle	Handler_ConsumeItem	Code		thumb			0x021ADA4C	0x021ADA0C
Battle	Handler_UpdateMove	Code		thumb			0x021ADA8C	0x021ADA4C
Battle	Handler_SetCounter	Code		thumb			0x021ADACC	0x021ADA8C
Battle	Handler_DelayMoveDamage	Code		thumb			0x021ADAEC	0x021ADAAC
Battle	Handler_QuitBattle	Code		thumb			0x021ADCA8	0x021ADC68
Battle	Handler_Switch	Code		thumb			0x021ADCD8	0x021ADC98
Battle	Handler_BatonPass	Code		thumb			0x021ADD50	0x021ADD10
Battle	Handler_Flinch	Code		thumb			0x021ADDC8	0x021ADD88
Battle	Handler_Revive	Code		thumb			0x021ADDF0	0x021ADDB0
Battle	Handler_SetWeight	Code		thumb			0x021ADE68	0x021ADE28
Battle	Handler_ForceSwitch	Code		thumb			0x021ADE98	0x021ADE58
Battle	Handler_InterruptAction	Code		thumb			0x021ADEF0	0x021ADEB0
Battle	Handler_InterruptMove	Code		thumb			0x021ADF14	0x021ADED4
Battle	Handler_SendLast	Code		thumb			0x021ADF2C	0x021ADEEC
Battle	Handler_SwapPoke	Code		thumb			0x021ADF50	0x021ADF10
Battle	Handler_Transform	Code		thumb			0x021ADFFC	0x021ADFBC
Battle	Handler_IllusionBreak	Code		thumb			0x021AE0F0	0x021AE0B0
Battle	Handler_GravityCheck	Code		thumb			0x021AE14C	0x021AE10C
Battle	Handler_CancelSemiInvuln	Code		thumb			0x021AE21C	0x021AE1DC
Battle	Handler_AddAnimation	Code		thumb			0x021AE254	0x021AE214
Battle	Handler_RemoveMessageWindow	Code		thumb			0x021AE290	0x021AE250
Battle	Handler_ChangeForm	Code		thumb			0x021AE2A0	0x021AE260
Battle	Handler_SetMoveAnimationID	Code		thumb			0x021AE31C	0x021AE2DC
Battle	Handler_PlayMoveAnimation	Code		thumb			0x021AE32C	0x021AE2EC
Battle	ServerFlow_IsNotPokestarStudios	Code		thumb	--	--	0x021AE34C	0x021AE30C
Battle	AddExpAndEVs	Code		thumb	0x021CB2F4	0x021CB2D4	0x021AEE4C	0x021AEE0C
Battle	HEManager_PushState	Code		thumb	0x021CC8F8	0x021CC8D8	0x021B088C	0x021B084C
Battle	HEManager_PopState	Code		thumb	0x021CC97C	0x021CC95C	0x021B0910	0x021B08D0
Battle	HEManager_GetUseItemNumber	Code		thumb			0x021B0914	0x021B08D4
Battle	HEManager_IsUsed	Code		thumb			0x021B0920	0x021B08E0
Battle	HEManager_SetResult	Code		thumb			0x021B0928	0x021B08E8
Battle	HEManager_GetPrevResult	Code		thumb			0x021B0950	0x021B0910
Battle	ServerDisplay_AddCommon	Code		thumb			0x021B1474	0x021B1434
Battle	ServerDisplay_AddMessageImpl	Code		thumb			0x021B1610	0x021B15D0
Battle	BattleClient_Init	Code		thumb	0x021CD710	0x021CD6F0	0x021B16B4	0x021B1674
Battle	Inst_BattleClient_Init_AllocModify	Inst	2		0x021CD72E	0x021CD70E	0x021B16D2	0x021B1692
Battle	Data_BattleClient_Init_LineNum	Data	4		0x021CD8E8	0x021CD8C8	0x021B18B8	0x021B1878
Battle	Client_ActionSelect_Fight	Code		thumb	0x021CEAB4	0x021CEA94	0x021B3C40	0x021B3C00
Battle	Unk_21B3E60	Code		thumb	0x021CECD4	0x021CECB4	0x021B3E60	0x021B3E20
Battle	CheckForSelectableMove	Code		thumb	0x021CF544	0x021CF524	0x021B476C	0x021B472C
Battle	IsUnselectableMove	Code		thumb	0x021CF5D0	0x021CF5B0	0x021B47F8	0x021B47B8
Battle	StoreSelectableMoveFlag	Code		thumb	0x021CF83C	0x021CF81C	0x021B4A64	0x021B4A24
Battle	CanPokeUseHeldItem	Code		thumb	0x021CF8BC	0x021CF89C	0x021B4AE4	0x021B4AA4
Battle	IsPokeTrapped	Code		thumb	0x021CF9D4	0x021CF9B4	0x021B4BFC	0x021B4BBC
Battle	DoesPokeHaveShadowTag	Code		thumb	0x021CFAE4	0x021CFAC4	0x021B4D0C	0x021B4CCC
Battle	IsPokeGrounded	Code		thumb	0x021CFAFC	0x021CFADC	0x021B4D24	0x021B4CE4
Battle	IsPokeSteelType	Code		thumb	0x021CFBAC	0x021CFB8C	0x021B4DD4	0x021B4D94
Battle	SwitchAI_Main	Code		thumb			0x021B4E38	0x021B4DF8
Battle	SwitchAI_DetermineOpponent	Code		thumb			0x021B4F98	0x021B4F58
Battle	SwitchAI_PerishSong	Code		thumb			0x021B5010	0x021B4FD0
Battle	SwitchAI_WonderGuard	Code		thumb			0x021B504C	0x021B500C
Battle	SwitchAI_NoEffectiveMoves	Code		thumb			0x021B50DC	0x021B509C
Battle	SwitchAI_ChoiceLock	Code		thumb			0x021B51EC	0x021B51AC
Battle	SwitchAI_TypeAbsorbAbility	Code		thumb			0x021B5344	0x021B5304
Battle	SwitchAI_AsleepWithNaturalCure	Code		thumb			0x021B549C	0x021B545C
Battle	SwitchAI_EffectiveMove	Code		thumb			0x021B5554	0x021B5514
Battle	SwitchAI_CheckForTypeAbsorbAbility	Code		thumb			0x021B5760	0x021B5720
Battle	DoesPokeHaveSuperEffectiveMove	Code		thumb	0x021D0664	0x021D0644	0x021B58C0	0x021B5880
Battle	Inst_Unknown2ListCountCmp1	Inst	2		0x021D1B9A	0x021D1B7A	0x021B6F66	0x021B6F26
Battle	Inst_Unknown2ListCountCmp2	Inst	2		0x021D1B9E	0x021D1B7E	0x021B6F6A	0x021B6F2A
Battle	Data_Unknown2ListAddress	Data	4	*	0x021D1BEC	0x021D1BCC	0x021B6FB8	0x021B6F78
Battle	Poke_Create	Code		thumb	0x021D4DA4	0x021D4D84	0x021BA5C4	0x021BA584
Battle	GetPokeId	Code		thumb	0x021D5460	0x021D5440	0x021BAC80	0x021BAC40
Battle	HasMove	Code		thumb	0x021D5770	0x021D5750	0x021BAF90	0x021BAF50
Battle	GetPokeType	Code		thumb	0x021D581C	0x021D57FC	0x021BB03C	0x021BAFFC
Battle	PokeHasType	Code		thumb	0x021D5834	0x021D5814	0x021BB054	0x021BB014
Battle	GetRawPokeStat	Code		thumb	0x021D58C8	0x021D58A8	0x021BB0E8	0x021BB0A8
Battle	GetPokeStat	Code		thumb	0x021D59D4	0x021D59B4	0x021BB1F4	0x021BB1B4
Battle	GetCritPokeStat	Code		thumb	0x021D5AF8	0x021D5AD8	0x021BB318	0x021BB2D8
Battle	Poke_GetHeldItem	Code		thumb	0x021D5B60	0x021D5B40	0x021BB380	0x021BB340
Battle	Poke_IsFullHP	Code		thumb	0x021D5B68	0x021D5B48	0x021BB388	0x021BB348
Battle	IsPokeFainted	Code		thumb	0x021D5B88	0x021D5B68	0x021BB3A8	0x021BB368
Battle	Poke_GetTurnFlag	Code		thumb	0x021D5BD0	0x021D5BB0	0x021BB3F0	0x021BB3B0
Battle	Poke_GetConditionFlag	Code		thumb	0x021D5BFC	0x021D5BDC	0x021BB41C	0x021BB3DC
Battle	IsStatChangeValid	Code		thumb	0x021D5D34	0x021D5D14	0x021BB554	0x021BB514
Battle	GetCritStage	Code		thumb	0x021D5F34	0x021D5F14	0x021BB754	0x021BB714
Battle	Poke_SetTurnFlag	Code		thumb	0x021D5FE0	0x021D5FC0	0x021BB800	0x021BB7C0
Battle	GetPokeStatus	Code		thumb	0x021D62C8	0x021D62A8	0x021BBAE8	0x021BBAA8
Battle	CheckCondition	Code		thumb	0x021D62E4	0x021D62C4	0x021BBB04	0x021BBAC4
Battle	GetDisabledMove	Code		thumb	0x021D62F8	0x021D62D8	0x021BBB18	0x021BBAD8
Battle	Poke_GetConditionData	Code		thumb	0x021D6334	0x021D6314	0x021BBB54	0x021BBB14
Battle	GetStatusDamage	Code		thumb	0x021D6344	0x021D6324	0x021BBB64	0x021BBB24
Battle	ClearMoveStatusWork	Code		thumb	0x021D63D8	0x021D63B8	0x021BBBF8	0x021BBBB8
Battle	Poke_TurnCheck	Code		thumb	0x021D6428	0x021D6408	0x021BBC48	0x021BBC08
Battle	Poke_ClearTurnFlag	Code		thumb	0x021D6460	0x021D6440	0x021BBC80	0x021BBC40
Battle	Poke_ClearForFainted	Code		thumb	0x021D648C	0x021D646C	0x021BBCAC	0x021BBC6C
Battle	Poke_ClearForSwitchOut	Code		thumb	0x021D6510	0x021D64F0	0x021BBD30	0x021BBCF0
Battle	CopyBatonPassParams	Code		thumb	0x021D65E8	0x021D65C8	0x021BBE08	0x021BBDC8
Battle	ChangePokeType	Code		thumb	0x021D66D0	0x021D66B0	0x021BBEF0	0x021BBEB0
Battle	ChangeAbility	Code		thumb	0x021D66F0	0x021D66D0	0x021BBF10	0x021BBED0
Battle	ChangeForm	Code		thumb	0x021D66F8	0x021D66D8	0x021BBF18	0x021BBED8
Battle	ConsumeItem	Code		thumb	0x021D6750	0x021D6730	0x021BBF70	0x021BBF30
Battle	ClearConsumedItem	Code		thumb	0x021D6758	0x021D6738	0x021BBF78	0x021BBF38
Battle	Poke_GetUsedItem	Code		thumb	0x021D6760	0x021D6740	0x021BBF80	0x021BBF40
Battle	GetConsecutiveMoveCount	Code		thumb	0x021D67BC	0x021D679C	0x021BBFDC	0x021BBF9C
Battle	GetPreviousMoveId	Code		thumb	0x021D67C8	0x021D67A8	0x021BBFE8	0x021BBFA8
Battle	GetPreviousMoveUsed	Code		thumb	0x021D67D8	0x021D67B8	0x021BBFF8	0x021BBFB8
Battle	GetPrevTargetPos	Code		thumb	0x021D67E4	0x021D67C4	0x021BC004	0x021BBFC4
Battle	SetPokeWeight	Code		thumb	0x021D67F8	0x021D67D8	0x021BC018	0x021BBFD8
Battle	GetPokeWeight	Code		thumb	0x021D6808	0x021D67E8	0x021BC028	0x021BBFE8
Battle	GetDamageReceived	Code		thumb	0x021D6960	0x021D6940	0x021BC180	0x021BC140
Battle	GetConditionCount	Code		thumb	0x021D69CC	0x021D69AC	0x021BC1EC	0x021BC1AC
Battle	GetExpForLv100	Code		thumb	0x021D6B8C	0x021D6B6C	0x021BC3AC	0x021BC36C
Battle	IsIllusionEnabled	Code		thumb	0x021D6C44	0x021D6C24	0x021BC464	0x021BC424
Battle	IllusionBreak	Code		thumb	0x021D6C4C	0x021D6C2C	0x021BC46C	0x021BC42C
Battle	Poke_TransformSet	Code		thumb	0x021D6C70	0x021D6C50	0x021BC490	0x021BC450
Battle	TransformCheck	Code		thumb	0x021D6D74	0x021D6D54	0x021BC594	0x021BC554
Battle	ResetSpActPriority	Code		thumb	0x021D6D90	0x021D6D70	0x021BC5B0	0x021BC570
Battle	IsSubstituteActive	Code		thumb	0x021D6D9C	0x021D6D7C	0x021BC5BC	0x021BC57C
Battle	ComboMove_ClearParam	Code		thumb	0x021D6EA8	0x021D6E88	0x021BC6C8	0x021BC688
Battle	ReCalcLvGetStatsForNewLv	Code		thumb	0x021D6EC0	0x021D6EA0	0x021BC6E0	0x021BC6A0
Battle	Event_AddObject	Code		thumb	0x021D6F2C	0x021D6F0C	0x021BC75C	0x021BC71C
Battle	Event_RemoveIsolatedItems	Code		thumb	0x021D703C	0x021D701C	0x021BC86C	0x021BC82C
Battle	EventObject_Remove	Code		thumb	0x021D7060	0x021D7040	0x021BC890	0x021BC850
Battle	EventObject_ConvertToIsolated	Code		thumb	0x021D70B0	0x021D7090	0x021BC8E0	0x021BC8A0
Battle	EventObject_IsIsolated	Code		thumb	0x021D70B8	0x021D7098	0x021BC8E8	0x021BC8A8
Battle	EventObject_GetSubId	Code		thumb	0x021D70C8	0x021D70A8	0x021BC8F8	0x021BC8B8
Battle	Handler_GetMainModule	Code		thumb	0x021D70CC	0x021D70AC	0x021BC8FC	0x021BC8BC
Battle	EventObject_GetWorkValue	Code		thumb	0x021D70D4	0x021D70B4	0x021BC904	0x021BC8C4
Battle	EventObject_SetTempObjectFlag	Code		thumb	0x021D70DC	0x021D70BC	0x021BC90C	0x021BC8CC
Battle	EventObject_SetRecallEnable	Code		thumb	0x021D70E8	0x021D70C8	0x021BC918	0x021BC8D8
Battle	EventObject_SetWorkValue	Code		thumb	0x021D70FC	0x021D70DC	0x021BC92C	0x021BC8EC
Battle	Event_ForceCallHandlers	Code		thumb	0x021D7104	0x021D70E4	0x021BC934	0x021BC8F4
Battle	Event_CallHandlers	Code		thumb	0x021D7110	0x021D70F0	0x021BC940	0x021BC900
Battle	EventObject_AttachSkipCheckHandler	Code		thumb	0x021D7340	0x021D7320	0x021BCB70	0x021BCB30
Battle	EventObject_DetachSkipCheckHandler	Code		thumb	0x021D7344	0x021D7324	0x021BCB74	0x021BCB34
Battle	EventObject_Seek	Code		thumb	0x021D734C	0x021D732C	0x021BCB7C	0x021BCB3C
Battle	EventObject_GetNext	Code		thumb	0x021D7380	0x021D7360	0x021BCBB0	0x021BCB70
Battle	EventObject_RotationSleep	Code		thumb	0x021D7424	0x021D7404	0x021BCC54	0x021BCC14
Battle	EventObject_RotationWake	Code		thumb	0x021D7458	0x021D7438	0x021BCC88	0x021BCC48
Battle	EventVar_Push	Code		thumb	0x021D7518	0x021D74F8	0x021BCD48	0x021BCD08
Battle	EventVar_Pop	Code		thumb	0x021D7560	0x021D7540	0x021BCD94	0x021BCD54
Battle	EventVar_SetValue	Code		thumb	0x021D75C8	0x021D75A8	0x021BCDFC	0x021BCDBC
Battle	EventVar_SetConstValue	Code		thumb	0x021D760C	0x021D75EC	0x021BCE40	0x021BCE00
Battle	EventVar_SetRewriteOnceValue	Code		thumb	0x021D7650	0x021D7630	0x021BCE84	0x021BCE44
Battle	EventVar_SetMulValue	Code		thumb	0x021D7694	0x021D7674	0x021BCEC8	0x021BCE88
Battle	EventVar_RewriteValue	Code		thumb	0x021D76DC	0x021D76BC	0x021BCF10	0x021BCED0
Battle	EventVar_MulValue	Code		thumb	0x021D7724	0x021D7704	0x021BCF58	0x021BCF18
Battle	EventVar_GetValue	Code		thumb	0x021D777C	0x021D775C	0x021BCFB0	0x021BCF70
Battle	Random	Code		thumb	0x021D78CC	0x021D78AC	0x021BD100	0x021BD0C0
Battle	RollCriticalHit	Code		thumb	0x021D7950	0x021D7930	0x021BD184	0x021BD144
Battle	GetEffectiveness	Code		thumb	0x021D796C	0x021D794C	0x021BD1A0	0x021BD160
Battle	GetEffectivenessVsPoke	Code		thumb	0x021D79BC	0x021D799C	0x021BD1F0	0x021BD1B0
Battle	MultiplyEffectiveness	Code		thumb	0x021D7A08	0x021D79E8	0x021BD23C	0x021BD1FC
Battle	CalcBaseDamage	Code		thumb	0x021D7A64	0x021D7A44	0x021BD298	0x021BD258
Battle	ServerEvent_GetEffectivenessMod	Code		thumb	0x021D7A8C	0x021D7A6C	0x021BD2C0	0x021BD280
Battle	GetEffectivenessType	Code		thumb	0x021D7AF4	0x021D7AD4	0x021BD328	0x021BD2E8
Battle	RollEffectChance	Code		thumb	0x021D7B10	0x021D7AF0	0x021BD344	0x021BD304
Battle	Max	Code		thumb	0x021D7B28	0x021D7B08	0x021BD35C	0x021BD31C
Battle	FixedRound	Code		thumb	0x021D7B30	0x021D7B10	0x021BD364	0x021BD324
Battle	GetRatioOverZero	Code		thumb	0x021D7B4C	0x021D7B2C	0x021BD380	0x021BD340
Battle	MultiplyValueByRatio	Code		thumb	0x021D7B5C	0x021D7B3C	0x021BD390	0x021BD350
Battle	DivideMaxHP	Code		thumb	0x021D7B80	0x021D7B60	0x021BD3B4	0x021BD374
Battle	DivideMaxHPZeroCheck	Code		thumb	0x021D7B94	0x021D7B74	0x021BD3C8	0x021BD388
Battle	RandMultiStrikeHits	Code		thumb	0x021D7BC4	0x021D7BA4	0x021BD3F8	0x021BD3B8
Battle	Poke_CalcWeatherDamage	Code		thumb	0x021D7BF4	0x021D7BD4	0x021BD428	0x021BD3E8
Battle	ServerEvent_WeatherPowerMod	Code		thumb	0x021D7C58	0x021D7C38	0x021BD48C	0x021BD44C
Battle	MakeNonVolatileStatus	Code		thumb	0x021D7D38	0x021D7D18	0x021BD56C	0x021BD52C
Battle	IsNonVolatileStatus	Code		thumb	0x021D7D8C	0x021D7D6C	0x021BD5C0	0x021BD580
Battle	ReturnOne	Code		thumb	0x021D7D90	0x021D7D70	0x021BD5C4	0x021BD584
Battle	ReturnZero	Code		thumb	0x021D7D94	0x021D7D74	0x021BD5C8	0x021BD588
Battle	Condition_MakeSetTurns	Code		thumb	0x021D7D98	0x021D7D78	0x021BD5CC	0x021BD58C
Battle	Unk_21BD6E4	Code		thumb	0x021D7EB0	0x021D7E90	0x021BD6E4	0x021BD6A4
Battle	DoesBattleStyleRequireTargetSelect	Code		thumb	0x021D7F10	0x021D7EF0	0x021BD758	0x021BD718
Battle	GetNumPokesOnField	Code		thumb	0x021D7F4C	0x021D7F2C	0x021BD794	0x021BD754
Battle	Action_GetMoveId	Code		thumb	0x021D8360	0x021D8340	0x021BDBA8	0x021BDB68
Battle	Action_IsDeplete	Code		thumb	0x021D8400	0x021D83E0	0x021BDC48	0x021BDC08
Battle	BattleAction_GetActionType	Code		thumb	0x021D8474	0x021D8454	0x021BDCBC	0x021BDC7C
Battle	Inst_AbilityEffectListCountCmp	Data	1		0x021D84FE	0x021D84DE	0x021BDD46	0x021BDD06
Battle	Data_AbilityEffectListAddress	Data	4	*	0x021D8508	0x021D84E8	0x021BDD50	0x021BDD10
Battle	Data_AbilityEffectListAddress4	Data	4	*	0x021D850C	0x021D84EC	0x021BDD54	0x021BDD14
Battle	CalcAbilityHandlerSubPriority	Code		thumb	0x021D85D0	0x021D85B0	0x021BDE18	0x021BDDD8
Battle	ResetSlowStartState	Code		thumb	0x021D8994	0x021D8974	0x021BE1DC	0x021BE19C
Battle	CommonWeatherGuard	Code		thumb	0x021D8B0C	0x021D8AEC	0x021BE354	0x021BE314
Battle	CommonLowHPTypeBoostAbility	Code		thumb	0x021D8CCC	0x021D8CAC	0x021BE514	0x021BE4D4
Battle	CommonPokeHasAbility	Code		thumb	0x021D8DBC	0x021D8D9C	0x021BE604	0x021BE5C4
Battle	CommonIsFlowerGiftPoke	Code		thumb	0x021D8E20	0x021D8E00	0x021BE668	0x021BE628
Battle	CommonStatDropGuardCheck	Code		thumb	0x021D92AC	0x021D928C	0x021BEAF4	0x021BEAB4
Battle	CommonStatDropGuardMessage	Code		thumb	0x021D92EC	0x021D92CC	0x021BEB34	0x021BEAF4
Battle	TryRemoveStatus	Code		thumb	0x021D9668	0x021D9648	0x021BEEB0	0x021BEE70
Battle	CommonAddStatusFailed	Code		thumb	0x021D9690	0x021D9670	0x021BEED8	0x021BEE98
Battle	CommonRemoveStatus	Code		thumb	0x021D96FC	0x021D96DC	0x021BEF44	0x021BEF04
Battle	CommonWeatherChangeAbility	Code		thumb	0x021D97D4	0x021D97B4	0x021BF01C	0x021BEFDC
Battle	CommonContactStatusAbility	Code		thumb	0x021D9E28	0x021D9E08	0x021BF670	0x021BF630
Battle	CommonTypeImmuneCheck	Code		thumb	0x021DA8C8	0x021DA8A8	0x021C0110	0x021C00D0
Battle	CommonTypeRecoverHP	Code		thumb	0x021DA8FC	0x021DA8DC	0x021C0144	0x021C0104
Battle	CommonTypeNoEffectBoost	Code		thumb	0x021DA98C	0x021DA96C	0x021C01D4	0x021C0194
Battle	Handler_MoldBreakerSkipCheck	Code		thumb	0x021DB1C8	0x021DB1A8	0x021C0A10	0x021C09D0
Battle	Inst_ItemEffectListCountCmp	Inst	2		0x021DCF32	0x021DCF12	0x021C277A	0x021C273A
Battle	Data_ItemEffectListAddress	Data	4	*	0x021DCF3C	0x021DCF1C	0x021C2784	0x021C2744
Battle	Data_ItemEffectListAddress4	Data	4	*	0x021DCF40	0x021DCF20	0x021C2788	0x021C2748
Battle	CommonGetItemParam	Code		thumb	0x021DD018	0x021DCFF8	0x021C2860	0x021C2820
Battle	ItemEvent_PushRun	Code		thumb	0x021DD064	0x021DD044	0x021C28AC	0x021C286C
Battle	CommonBerrySuperEffectiveCheck	Code		thumb	0x021DDCF8	0x021DDCD8	0x021C3540	0x021C3500
Battle	CommonTypeBoostItem	Code		thumb	0x021DF95C	0x021DF93C	0x021C51A4	0x021C5164
Battle	CommonGemWork	Code		thumb	0x021E01F4	0x021E01D4	0x021C5A3C	0x021C59FC
Battle	CommonGemDamageBoost	Code		thumb	0x021E02A4	0x021E0284	0x021C5AEC	0x021C5AAC
Battle	MoveEvent_AddItem	Code		thumb	0x021E02FC	0x021E02DC	0x021C5B44	0x021C5B04
Battle	Data_MoveEffectListAddress	Data	4	*	0x021E0368	0x021E0348	0x021C5BB0	0x021C5B70
Battle	Data_MoveEffectListCount	Data	4	*	0x021E036C	0x021E034C	0x021C5BB4	0x021C5B74
Battle	Data_MoveEffectListAddress4	Data	4	*	0x021E0370	0x021E0350	0x021C5BB8	0x021C5B78
Battle	MoveEvent_RemoveItem	Code		thumb	0x021E03B4	0x021E0394	0x021C5BFC	0x021C5BBC
Battle	HandlerCommon_CreateSideStatus	Code		thumb	0x021E558C	0x021E556C	0x021CADE4	0x021CADA4
Battle	HandlerCommon_CheckTargetMonID	Code		thumb	0x021E8618	0x021E85F8	0x021CDE78	0x021CDE38
Battle	HandlerCommon_CheckIfCannotStealPokeItem	Code		thumb	0x021E8708	0x021E86E8	0x021CDF68	0x021CDF28
Battle	CommonMultiplyBasePower	Code		thumb	0x021E8880	0x021E8860	0x021CE0E0	0x021CE0A0
Battle	MakeEmptyCondition	Code		thumb	0x021E8938	0x021E8918	0x021CE198	0x021CE158
Battle	ConditionPtr_GetMode	Code		thumb	0x021E8948	0x021E8928	0x021CE1A8	0x021CE168
Battle	MakeTurnCondition_Turns	Code		thumb	0x021E8960	0x021E8940	0x021CE1C0	0x021CE180
Battle	MakeTurnCondition_TurnsParam	Code		thumb	0x021E898C	0x021E896C	0x021CE1EC	0x021CE1AC
Battle	MakePokeCondition_Param	Code		thumb	0x021E89BC	0x021E899C	0x021CE21C	0x021CE1DC
Battle	MakeIndefiniteCondition	Code		thumb	0x021E89E0	0x021E89C0	0x021CE240	0x021CE200
Battle	MakeIndefiniteCondition_Param	Code		thumb	0x021E89F4	0x021E89D4	0x021CE254	0x021CE214
Battle	MakeIndefiniteCondition_TurnsMove	Code		thumb	0x021E8A18	0x021E89F8	0x021CE278	0x021CE238
Battle	MakeTrapCondition_SourcePokeTurns	Code		thumb	0x021E8A48	0x021E8A28	0x021CE2A8	0x021CE268
Battle	MakeBadPoisonCondition	Code		thumb	0x021E8A78	0x021E8A58	0x021CE2D8	0x021CE298
Battle	ConditionPtr_GetIsBadPoison	Code		thumb	0x021E8A98	0x021E8A78	0x021CE2F8	0x021CE2B8
Battle	ConditionPtr_GetSourcePoke	Code		thumb	0x021E8AB8	0x021E8A98	0x021CE318	0x021CE2D8
Battle	ConditionPtr_SetSourcePoke	Code		thumb	0x021E8AE8	0x021E8AC8	0x021CE348	0x021CE308
Battle	ConditionPtr_GetTurns	Code		thumb	0x021E8B1C	0x021E8AFC	0x021CE37C	0x021CE33C
Battle	ConditionPtr_SetMove	Code		thumb	0x021E8B48	0x021E8B28	0x021CE3A8	0x021CE368
Battle	ConditionPtr_GetMove	Code		thumb	0x021E8BA0	0x021E8B80	0x021CE400	0x021CE3C0
Battle	ConditionPtr_SetIsFlagged	Code		thumb	0x021E8BF0	0x021E8BD0	0x021CE450	0x021CE410
Battle	ConditionPtr_GetIsFlagged	Code		thumb	0x021E8C44	0x021E8C24	0x021CE4A4	0x021CE464
Battle	ConditionPtr_AddTurns	Code		thumb	0x021E8C70	0x021E8C50	0x021CE4D0	0x021CE490
Battle	ConditionPtr_SetTurns	Code		thumb	0x021E8CBC	0x021E8C9C	0x021CE51C	0x021CE4DC
Battle	TypePair_Make	Code		thumb	0x021E8D00	0x021E8CE0	0x021CE560	0x021CE520
Battle	TypePair_MakeMono	Code		thumb	0x021E8D10	0x021E8CF0	0x021CE570	0x021CE530
Battle	TypePair_GetType1	Code		thumb			0x021CE57C	0x021CE53C
Battle	TypePair_GetType2	Code		thumb			0x021CE584	0x021CE544
Battle	TypePair_LoadTypes	Code		thumb			0x021CE58C	0x021CE54C
Battle	TypePair_HasType	Code		thumb			0x021CE5A4	0x021CE564
Battle	TypePair_HasSharedType	Code		thumb			0x021CE5C8	0x021CE588
Battle	TypePair_IsMonoType	Code		thumb			0x021CE628	0x021CE5E8
Battle	DisplayMessage	Code		thumb	0x021EAF38	0x021EAF18	0x021D0B2C	0x021D0AEC
Battle	StringParam_AddArg	Code		thumb	0x021EAF70	0x021EAF50	0x021D0B64	0x021D0B24
Battle	Inst_Unknown1ListCountCmp	Inst	2		0x021EEF2C	0x021EEF0C	0x021D4FE8	0x021D4FA8
Battle	Data_Unknown1ListAddress	Data	4	*	0x021EEF38	0x021EEF18	0x021D4FF4	0x021D4FB4
Battle	Data_Unknown1ListAddress4	Data	4	*	0x021EEF3C	0x021EEF1C	0x021D4FF8	0x021D4FB8
Battle	Field_ClearFactorWork	Code		thumb			0x021D59A8	0x021D5968
Battle	Field_Init	Code		thumb			0x021D59E0	0x021D59A0
Battle	Field_GetWeather	Code		thumb			0x021D59F0	0x021D59B0
Battle	Field_GetWeatherTurns	Code		thumb			0x021D5A00	0x021D59C0
Battle	Field_SetWeather	Code		thumb			0x021D5A10	0x021D59D0
Battle	Field_TurnCheckWeather	Code		thumb			0x021D5A24	0x021D59E4
Battle	Field_AddEffect	Code		thumb			0x021D5A34	0x021D59F4
Battle	Field_RemoveEffect	Code		thumb			0x021D5A54	0x021D5A14
Battle	Field_AddDependPoke	Code		thumb			0x021D5A64	0x021D5A24
Battle	Field_RemoveDependPokeEffect	Code		thumb			0x021D5A78	0x021D5A38
Battle	Field_CheckImprison	Code		thumb			0x021D5A88	0x021D5A48
Battle	Field_TurnCheck	Code		thumb			0x021D5AA0	0x021D5A60
Battle	Field_CheckEffect	Code		thumb			0x021D5AB4	0x021D5A74
Battle	Field_AllocateWork	Code		thumb			0x021D5AC4	0x021D5A84
Battle	Field_FreeWork	Code		thumb			0x021D5AEC	0x021D5AAC
Battle	Field_InitCore	Code		thumb			0x021D5AF4	0x021D5AB4
Battle	Field_GetWeatherCore	Code		thumb			0x021D5B14	0x021D5AD4
Battle	Field_GetWeatherTurnsCore	Code		thumb			0x021D5B1C	0x021D5ADC
Battle	Field_SetWeatherCore	Code		thumb			0x021D5B2C	0x021D5AEC
Battle	Field_EndWeatherCore	Code		thumb			0x021D5B34	0x021D5AF4
Battle	Field_TurnCheckWeatherCore	Code		thumb			0x021D5B3C	0x021D5AFC
Battle	Field_AddEffectCore	Code		thumb			0x021D5B60	0x021D5B20
Battle	Field_RemoveEffectCore	Code		thumb			0x021D5C00	0x021D5BC0
Battle	Field_AddDependPokeCore	Code		thumb			0x021D5C44	0x021D5C04
Battle	Field_RemoveDependPokeEffectCore	Code		thumb			0x021D5CA0	0x021D5C60
Battle	Field_CheckImprisonCore	Code		thumb			0x021D5D88	0x021D5D48
Battle	Field_TurnCheckCore	Code		thumb			0x021D5DE4	0x021D5DA4
Battle	Field_CheckEffectCore	Code		thumb			0x021D5E50	0x021D5E10
Battle	Data_ServerCommandFunctionList	Data	744	4*	0x021F00FC	0x021F00DC	0x021D71A0	0x021D7160
Battle	Data_EffectivenessMultipliers	Data	5		0x021F0447	0x021F0427	0x021D74EB	0x021D74AB
Battle	Data_TypeEffectivenessTable	Data	292		0x021F049C	0x021F047C	0x021D7540	0x021D7500
Battle	Data_AbilityEffectList	Data	1264	4*	0x021F0E94	0x021F0E74	0x021D7F38	0x021D7EF8
Battle	Data_ItemEffectList	Data	1376	4*	0x021F1EC4	0x021F1EA4	0x021D8F68	0x021D8F28
Battle	Data_MoveEffectList	Data	2064	4*	0x021F3050	0x021F3030	0x021DA0F4	0x021DA0B4
Battle	Data_Unknown1List	Data	112	4*	0x021F39F8	0x021F39D8	0x021DAABC	0x021DAA7C
Battle	Data_BattleField	Data	360				0x021DD928	0x021DD8E8
BattleLevel	PlayMoveAnimation	Code		thumb	0x021F7B4C	0x021F7B2C	0x021DF4A0	0x021DF460
BattleLevel	ViewCmd_WaitEffect	Code		thumb	0x021F7ED4	0x021F7EB4	0x021DF828	0x021DF7E8
BattleLevel	Unk_21DFBB0	Code		thumb	0x021F81B8	0x021F8198	0x021DFBB0	0x021DFB70
BattleLevel	Unk_21DFC34	Code		thumb	0x021F823C	0x021F821C	0x021DFC34	0x021DFBF4
BattleLevel	BtlvEffectMain_GetMcss	Code		thumb	0x021F86B4	0x021F8694	0x021E00AC	0x021E006C
BattleLevel	Unk_21E0364	Code		thumb	0x021F8954	0x021F8934	0x021E0364	0x021E0324
BattleLevel	Unk_21E039C	Code		thumb	0x021F898C	0x021F896C	0x021E039C	0x021E035C
BattleLevel	BtlvEffectMain_RemoveAllTCB	Code		thumb	0x021F8A30	0x021F8A10	0x021E0440	0x021E0400
BattleLevel	Unk_21E0A18	Code		thumb	0x021F9008	0x021F8FE8	0x021E0A18	0x021E09D8
BattleLevel	Unk_21E0A58	Code		thumb	0x021F9048	0x021F9028	0x021E0A58	0x021E0A18
BattleLevel	PowerOfTwo	Code		thumb	0x021F937C	0x021F935C	0x021E0D8C	0x021E0D4C
BattleLevel	BtlvEffVM_LoadScript	Code		thumb	0x021F9518	0x021F94F8	0x021E0F28	0x021E0EE8
BattleLevel	ClearAnimParams	Code		thumb	0x021F9864	0x021F9844	0x021E1274	0x021E1234
BattleLevel	Unk_21E6030	Code		thumb	0x021FE430	0x021FE410	0x021E6030	0x021E5FF0
BattleLevel	Unk_21E67D8	Code		thumb	0x021FEAC0	0x021FEAA0	0x021E67D8	0x021E6798
BattleLevel	BtlvMcss_Create	Code		thumb	0x021FEAE0	0x021FEAC0	0x021E67F8	0x021E67B8
BattleLevel	EffectMain_UpdateCondition	Code		thumb	0x021FEBCC	0x021FEBAC	0x021E68E4	0x021E68A4
BattleLevel	Unk_21E7000	Code		thumb	0x021FF280	0x021FF260	0x021E7000	0x021E6FC0
BattleLevel	Unk_21E7078	Code		thumb	0x021FF2F8	0x021FF2D8	0x021E7078	0x021E7038
BattleLevel	Unk_21E70A4	Code		thumb	0x021FF324	0x021FF304	0x021E70A4	0x021E7064
BattleLevel	Unk_21E7260	Code		thumb	0x021FF4B8	0x021FF498	0x021E7260	0x021E7220
BattleLevel	Unk_21E7638	Code		thumb	0x021FF890	0x021FF870	0x021E7638	0x021E75F8
BattleLevel	Mcss_HasDataFile	Code		thumb	0x021FFDBC	0x021FFD9C	0x021E7B64	0x021E7B24
BattleLevel	Mcss_SetPokeColor	Code		thumb	0x021FFE18	0x021FFDF8	0x021E7BC0	0x021E7B80
BattleLevel	Unk_21E7BEC	Code		thumb	0x021FFE44	0x021FFE24	0x021E7BEC	0x021E7BAC
BattleLevel	Unk_21E7D18	Code		thumb	0x021FFF58	0x021FFF38	0x021E7D18	0x021E7CD8
BattleLevel	Mcss_GetDataIndex	Code		thumb	0x02201A14	0x022019F4	0x021E97D4	0x021E9794
BattleLevel	Btlv_EffectC	Data	14		0x0220ACB0	0x0220AC90	0x021F3FDC	0x021F3F9C
BattleLevel	Data_Unk21F4280	Data	0		0x0220AF40	0x0220AF20	0x021F4280	0x021F4240
BattleServer	WonderRoomEventHandler	Code		thumb	0x068981A0	0x068981A0	0x068981A0	0x068981A0
BattleServer	SideStatus_Init	Code		thumb	0x06898BFC	0x06898BFC	0x06898BFC	0x06898BFC
BattleServer	SideStatus_AddItem	Code		thumb	0x06898C10	0x06898C10	0x06898C10	0x06898C10
BattleServer	SideStatus_GetLevel	Code		thumb	0x06898CE0	0x06898CE0	0x06898CE0	0x06898CE0
BattleServer	SideStatus_IsActive	Code		thumb			0x06898CF4	0x06898CF4
BattleServer	SideStatus_RemoveItem	Code		thumb			0x06898D10	0x06898D10
BattleServer	SideStatus_TurnCheck	Code		thumb			0x06898D54	0x06898D54
BattleServer	SideStatus_GetLevelFromEventItem	Code		thumb			0x06898DE0	0x06898DE0
BattleServer	CommonScreenEffect	Code		thumb			0x06898E54	0x06898E54
BattleServer	Condition_CreateDamageMessage	Code		thumb	0x0689B8CC	0x0689B8CC	0x0689BA5C	0x0689BA5C
BattleServer	Condition_GetDamageText	Code		thumb	0x0689B92C	0x0689B92C	0x0689BABC	0x0689BABC
BattleServer	Condition_HandlerBind	Code		thumb	0x0689BC30	0x0689BC30	0x0689BDC0	0x0689BDC0
BattleServer	ConditionEffectivenessModifiers	Code		thumb	0x0689C540	0x0689C540	0x0689C6C8	0x0689C6C8
BattleServer	IsPlateItem	Code		thumb	0x0689C980	0x0689C980	0x0689CB08	0x0689CB08
BattleServer	IsMoldBreakerIgnoredAbility	Code		thumb	0x0689C9B0	0x0689C9B0	0x0689CB38	0x0689CB38
BattleServer	PokeSet_Remove	Code		thumb	0x0689CC14	0x0689CC14	0x0689CD9C	0x0689CD9C
BattleServer	PokeSet_SeekStart	Code		thumb	0x0689CC84	0x0689CC84	0x0689CE0C	0x0689CE0C
BattleServer	PokeSet_SeekNext	Code		thumb	0x0689CC8C	0x0689CC8C	0x0689CE14	0x0689CE14
BattleServer	FaintRecord_GetCount	Code		thumb	0x0689D174	0x0689D174	0x0689D2FC	0x0689D2FC
BattleServer	PosPoke_IsExist	Code		thumb	0x0689D588	0x0689D588	0x0689D710	0x0689D710
BattleServer	Data_WonderRoomEventHandlerAddress	Data	4	*	0x0689D62C	0x0689D62C	0x0689D7B4	0x0689D7B4
BattleServer	Data_FieldStatusEffectTable	Data	56	4*	0x0689D650	0x0689D650	0x0689D7D8	0x0689D7D8
BattleServer	Data_SideStatusEffectTable	Data	112	4*	0x0689D780	0x0689D780	0x0689D908	0x0689D908
BattleServer	Data_PlateItems	Data	32		0x0689E38C	0x0689E38C	0x0689E514	0x0689E514
BattleServer	Data_MoldBreakerIgnoredAbilities	Data	112		0x0689E450	0x0689E450	0x0689E5D8	0x0689E5D8
BattleServer	SideStatuses	Data	448		0x0689E7E0	0x0689E7E0	0x0689E960	0x0689E960
Local	Encounter_CreateWildPoke	Code		thumb			0x021A0E00	0x021A0DC0
Local	Encounter_GenPID	Code		thumb			0x021A1548	0x021A1508
Storage	MakeBox2Main	Code		thumb	0x021DEDF8	0x021DEDD8	0x021BF060	0x021BF020
Storage	DisplayPreview	Code		thumb	0x021DEF80	0x021DEF60	0x021BF1E8	0x021BF1A8
Storage	Unk_21BF3A4	Code		thumb			0x021BF3A4	0x021BF364
Storage	Unk_21BF3CC	Code		thumb			0x021BF3CC	0x021BF38C
Storage	Unk_21CE078	Code		thumb			0x021CE078	0x021CE038
Storage	Unk_21CE0A8	Code		thumb			0x021CE0A8	0x021CE068
Storage	Unk_21CE100	Code		thumb			0x021CE100	0x021CE0C0
Storage	Preview_Ability	Code		thumb	0x021EB134	0x021EB114	0x021CE62C	0x021CE5EC
Storage	PreviewCore	Code		thumb	0x021EB2C4	0x021EB2A4	0x021CE7D8	0x021CE798
Storage	Unk_21D06E4	Code		thumb			0x021D06E4	0x021D06A4
Storage	DisplayPreview_TypeGraphics	Code		thumb			0x021D0A68	0x021D0A28
Storage	Box2_Main_C	Data	12		0x021F1420	0x021F1400	0x021D9680	0x021D9640
Title	StartMenuProc_End	Code		thumb			0x0219DA18	0x0219D9D8
TrainerAI	Data_AIScriptCommands	Data	492	*	0x0218A5C8	0x0218A5A8	0x02181CF4	0x02181CB4
UnovaLink	Proc_Init	Code		thumb			0x021BEF20	0x021BEEE0
UnovaLink	Seq_FadeIn	Code		thumb			0x021BF17C	0x021BF13C
UnovaLink	Seq_FadeOutWhite	Code		thumb			0x021BF23C	0x021BF1FC
UnovaLink	Seq_DeleteDisplay	Code		thumb			0x021BF27C	0x021BF23C
UnovaLink	BG_TransScreen	Code		thumb			0x021BF5FC	0x021BF5BC
UnovaLink	Map_Remove	Code		thumb			0x021BF8CC	0x021BF88C
UnovaLink	Map_ContainsKey	Code		thumb			0x021BF8FC	0x021BF8BC
UnovaLink	Map_GetValue	Code		thumb			0x021BF924	0x021BF8E4
UnovaLink	Title_Create	Code		thumb			0x021BFBCC	0x021BFB8C
UnovaLink	Info_Create	Code		thumb			0x021BFC30	0x021BFBF0
UnovaLink	Seq_Main	Code		thumb			0x021BFCE8	0x021BFCA8
UnovaLink	Seq_BreakSave	Code		thumb			0x021BFD6C	0x021BFD2C
UnovaLink	Seq_MainMenu	Code		thumb			0x021BFE04	0x021BFDC4
UnovaLink	Seq_CreateDisplayMainMenu	Code		thumb			0x021BFF18	0x021BFED8
UnovaLink	Seq_CreateDisplayText	Code		thumb			0x021BFF5C	0x021BFF1C
UnovaLink	UI_CreateMainMenu	Code		thumb			0x021BFFA0	0x021BFF60
UnovaLink	UI_IsEndCreateMainMenu	Code		thumb			0x021C0094	0x021C0054
UnovaLink	UI_DeleteMainMenu	Code		thumb			0x021C00DC	0x021C009C
UnovaLink	UI_CreateText	Code		thumb			0x021C00FC	0x021C00BC
UnovaLink	UI_IsEndCreateText	Code		thumb			0x021C0128	0x021C00E8
UnovaLink	UI_DeleteText	Code		thumb			0x021C0158	0x021C0118
UnovaLink	Text_Init	Code		thumb			0x021C058C	0x021C054C
UnovaLink	Text_Exit	Code		thumb			0x021C0644	0x021C0604
UnovaLink	Text_Draw	Code		thumb			0x021C0694	0x021C0654
UnovaLink	Text_Print	Code		thumb			0x021C077C	0x021C073C
UnovaLink	Text_PrintBuf	Code		thumb			0x021C0798	0x021C0758
UnovaLink	Text_SetColor	Code		thumb			0x021C07B0	0x021C0770
UnovaLink	Text_SetPos	Code		thumb			0x021C07B4	0x021C0774
UnovaLink	Text_PrintInner	Code		thumb			0x021C07BC	0x021C077C
UnovaLink	Text_IsMsgEnd	Code		thumb			0x021C099C	0x021C095C
UnovaLink	Text_EndWait	Code		thumb			0x021C09A0	0x021C0960
UnovaLink	Text_WriteWindowFrame	Code		thumb			0x021C09C8	0x021C0988
UnovaLink	Text_ClearCharacter	Code		thumb			0x021C09E0	0x021C09A0
UnovaLink	Text_ClearScreen	Code		thumb			0x021C09FC	0x021C09BC
UnovaLink	Text_ChangePalette	Code		thumb			0x021C0A1C	0x021C09DC
UnovaLink	Text_SetMsgCursor	Code		thumb			0x021C0A80	0x021C0A40
UnovaLink	Text_CalcPosCore	Code		thumb			0x021C0AA4	0x021C0A64
UnovaLink	TextSet_Init	Code		thumb			0x021C0B60	0x021C0B20
UnovaLink	TextSet_Exit	Code		thumb			0x021C0BEC	0x021C0BAC
UnovaLink	TextSet_Draw	Code		thumb			0x021C0C14	0x021C0BD4
UnovaLink	TextSet_IsDrawComplete	Code		thumb			0x021C0C34	0x021C0BF4
UnovaLink	List_Init	Code		thumb			0x021C0C5C	0x021C0C1C
UnovaLink	List_InitEx	Code		thumb			0x021C0C80	0x021C0C40
UnovaLink	List_Exit	Code		thumb			0x021C0D90	0x021C0D50
UnovaLink	List_Main	Code		thumb			0x021C0DC0	0x021C0D80
UnovaLink	List_Draw	Code		thumb			0x021C0DDC	0x021C0D9C
UnovaLink	Menu_Init	Code		thumb			0x021C0E14	0x021C0DD4
UnovaLink	Menu_Exit	Code		thumb			0x021C0F28	0x021C0EE8
UnovaLink	Menu_Main	Code		thumb			0x021C0F50	0x021C0F10
UnovaLink	Menu_Draw	Code		thumb			0x021C1120	0x021C10E0
UnovaLink	Menu_IsDrawComplete	Code		thumb			0x021C1180	0x021C1140
UnovaLink	Menu_IsSelected	Code		thumb			0x021C11A8	0x021C1168
UnovaLink	Menu_Reset	Code		thumb			0x021C11AC	0x021C116C
UnovaLink	Menu_GetParam	Code		thumb			0x021C11D8	0x021C1198
UnovaLink	Menu_GetCursor	Code		thumb			0x021C11DC	0x021C119C
UnovaLink	Menu_IsChanging	Code		thumb			0x021C11E0	0x021C11A0
UnovaLink	InitSeq	Code		thumb			0x021C11E4	0x021C11A4
UnovaLink	ExitSeq	Code		thumb			0x021C122C	0x021C11EC
UnovaLink	MainSeq	Code		thumb			0x021C1234	0x021C11F4
UnovaLink	IsSeqCompleted	Code		thumb			0x021C1250	0x021C1210
UnovaLink	NextSeq	Code		thumb			0x021C1268	0x021C1228
UnovaLink	CallSeq	Code		thumb			0x021C1280	0x021C1240
UnovaLink	EndSeq	Code		thumb			0x021C12A4	0x021C1264
UnovaLink	ReturnSeq	Code		thumb			0x021C12B0	0x021C1270
UnovaLink	SetReserveSeq	Code		thumb			0x021C12C8	0x021C1288
UnovaLink	NextReserveSeq	Code		thumb			0x021C12E0	0x021C12A0
UnovaLink	MainPaletteAnim	Code		thumb			0x021C1C68	0x021C1C28
UnovaLink	KeySystem_Init	Code		thumb			0x021C2B58	0x021C2B18
UnovaLink	KeySystem_Exit	Code		thumb			0x021C2B9C	0x021C2B5C
UnovaLink	KeySystem_GetKey	Code		thumb			0x021C2BC0	0x021C2B80
UnovaLink	KeySystem_Main	Code		thumb			0x021C2D14	0x021C2CD4
UnovaLink	KeySystem_SendReceive_Main	Code		thumb			0x021C2E24	0x021C2DE4
UnovaLink	KeySystem_Settings_Main	Code		thumb			0x021C32B0	0x021C3270
UnovaLink	KeySystem_Settings_Difficulty	Code		thumb			0x021C33C4	0x021C3384
UnovaLink	KeySystem_Settings_City	Code		thumb			0x021C354C	0x021C350C
UnovaLink	KeySystem_Settings_Door	Code		thumb			0x021C36EC	0x021C36AC
UnovaLink	KeySystem_SendReceive_ReceiveDemo	Code		thumb			0x021C3874	0x021C3834
UnovaLink	KeySystem_SendReceive_SendDemo	Code		thumb			0x021C39EC	0x021C39AC
UnovaLink	KeySystem_Save	Code		thumb			0x021C3B3C	0x021C3AFC
UnovaLink	KeySystem_CreateMainMenuUI	Code		thumb			0x021C3C6C	0x021C3C2C
UnovaLink	KeySystem_CreateSendReceiveUI	Code		thumb			0x021C3CB0	0x021C3C70
UnovaLink	KeySystem_CreateSettingsUI	Code		thumb			0x021C3CF4	0x021C3CB4
UnovaLink	KeySystem_CreateSettingsDifficultyUI	Code		thumb			0x021C3D38	0x021C3CF8
UnovaLink	KeySystem_CreateSettingsCityUI	Code		thumb			0x021C3D7C	0x021C3D3C
UnovaLink	KeySystem_CreateReceiveDemoUI	Code		thumb			0x021C3DC0	0x021C3D80
UnovaLink	KeySystem_CreateSendDemoUI	Code		thumb			0x021C3E04	0x021C3DC4
UnovaLink	KeySystem_CreateSendReceiveYesNoUI	Code		thumb			0x021C3E48	0x021C3E08
UnovaLink	KeySystem_CreateSettingsDoorUI	Code		thumb			0x021C3E8C	0x021C3E4C
UnovaLink	KeySystem_UI_CreateMainMenu	Code		thumb			0x021C3ED0	0x021C3E90
UnovaLink	KeySystem_UI_IsEndCreateMainMenu	Code		thumb			0x021C3FA8	0x021C3F68
UnovaLink	KeySystem_UI_DestroyMainMenu	Code		thumb			0x021C3FE8	0x021C3FA8
UnovaLink	KeySystem_UI_CreateSendReceive	Code		thumb			0x021C4008	0x021C3FC8
UnovaLink	KeySystem_UI_IsEndCreateSendReceive	Code		thumb			0x021C40AC	0x021C406C
UnovaLink	KeySystem_UI_DestroySendReceive	Code		thumb			0x021C40C8	0x021C4088
UnovaLink	KeySystem_UI_CreateSettings	Code		thumb			0x021C4138	0x021C40F8
UnovaLink	KeySystem_UI_IsEndCreateSettings	Code		thumb			0x021C4214	0x021C41D4
UnovaLink	KeySystem_UI_DestroySettings	Code		thumb			0x021C4248	0x021C4208
UnovaLink	KeySystem_UI_CreateDifficulty	Code		thumb			0x021C426C	0x021C422C
UnovaLink	KeySystem_UI_IsEndCreateDifficulty	Code		thumb			0x021C42B8	0x021C4278
UnovaLink	KeySystem_UI_DestroyDifficulty	Code		thumb			0x021C42E8	0x021C42A8
UnovaLink	KeySystem_UI_CreateCity	Code		thumb			0x021C4308	0x021C42C8
UnovaLink	KeySystem_UI_IsEndCreateCity	Code		thumb			0x021C4354	0x021C4314
UnovaLink	KeySystem_UI_DestroyCity	Code		thumb			0x021C4384	0x021C4344
UnovaLink	KeySystem_UI_CreateReceiveDemo	Code		thumb			0x021C43A4	0x021C4364
UnovaLink	KeySystem_UI_IsEndCreateReceiveDemo	Code		thumb			0x021C43C0	0x021C4380
UnovaLink	KeySystem_UI_DestroyReceiveDemo	Code		thumb			0x021C43C4	0x021C4384
UnovaLink	KeySystem_UI_CreateSendDemo	Code		thumb			0x021C43D4	0x021C4394
UnovaLink	KeySystem_UI_IsEndCreateSendDemo	Code		thumb			0x021C4450	0x021C4410
UnovaLink	KeySystem_UI_DestroySendDemo	Code		thumb			0x021C4470	0x021C4430
UnovaLink	KeySystem_UI_CreateSendReceiveYesno	Code		thumb			0x021C44AC	0x021C446C
UnovaLink	KeySystem_UI_IsEndCreateSendReceiveYesno	Code		thumb			0x021C4524	0x021C44E4
UnovaLink	KeySystem_UI_DestroySendReceiveYesno	Code		thumb			0x021C4558	0x021C4518
UnovaLink	KeySystem_UI_CreateDoor	Code		thumb			0x021C4564	0x021C4524
UnovaLink	KeySystem_UI_IsEndCreateDoor	Code		thumb			0x021C45B0	0x021C4570
UnovaLink	KeySystem_UI_DestroyDoor	Code		thumb			0x021C45E0	0x021C45A0
UnovaLink	KeySystem_KeyData_Init	Code		thumb			0x021C4600	0x021C45C0
UnovaLink	KeySystem_KeyData_SetSave	Code		thumb			0x021C4638	0x021C45F8
UnovaLink	KeySystem_KeyData_IsGet	Code		thumb			0x021C4668	0x021C4628
UnovaLink	KeySystem_KeyData_Merge	Code		thumb			0x021C46C4	0x021C4684
UnovaLink	KeySystem_PlayerData_Init	Code		thumb			0x021C46F4	0x021C46B4
UnovaLink	KeySystem_Select_Init	Code		thumb			0x021C4728	0x021C46E8
UnovaLink	KeySystem_Select_Exit	Code		thumb			0x021C4870	0x021C4830
UnovaLink	KeySystem_Select_Main	Code		thumb			0x021C48A4	0x021C4864
UnovaLink	KeySystem_Select_IsDrawEnd	Code		thumb			0x021C48B0	0x021C4870
UnovaLink	KeySystem_Select_GetSelect	Code		thumb			0x021C48BC	0x021C487C
UnovaLink	KeySystem_Select_IsDecide	Code		thumb			0x021C48C8	0x021C4888
UnovaLink	KeySystem_Select_Reset	Code		thumb			0x021C48D4	0x021C4894
UnovaLink	KeySystem_Select_GetUnselected	Code		thumb			0x021C48E8	0x021C48A8
UnovaLink	KeySystem_Select_GetUnselectedIndex	Code		thumb			0x021C48EC	0x021C48AC
UnovaLink	KeySystem_Select_DecideCallback	Code		thumb			0x021C48F0	0x021C48B0
UnovaLink	KeySystem_Select_Difficulty_Init	Code		thumb			0x021C4924	0x021C48E4
UnovaLink	KeySystem_Select_Difficulty_DecideCallback	Code		thumb			0x021C49C0	0x021C4980
UnovaLink	KeySystem_Select_City_Init	Code		thumb			0x021C4A58	0x021C4A18
UnovaLink	KeySystem_Select_City_DecideCallback	Code		thumb			0x021C4AD4	0x021C4A94
UnovaLink	KeySystem_Select_Door_Init	Code		thumb			0x021C4BA4	0x021C4B64
UnovaLink	KeySystem_Select_Door_DecideCallback	Code		thumb			0x021C4C40	0x021C4C00
UnovaLink	KeySystem_Msg_GetDifficultInfo	Code		thumb			0x021C4CD8	0x021C4C98
UnovaLink	KeySystem_Msg_GetCityInfo	Code		thumb			0x021C4CE8	0x021C4CA8
UnovaLink	KeySystem_Msg_GetDoorInfo	Code		thumb			0x021C4CF8	0x021C4CB8
UnovaLink	KeySystem_Msg_GetLockListInfo	Code		thumb			0x021C4D08	0x021C4CC8
UnovaLink	KeySystem_Msg_CreateKey	Code		thumb			0x021C4D3C	0x021C4CFC
UnovaLink	KeySystem_Demo_Init	Code		thumb			0x021C4E08	0x021C4DC8
UnovaLink	KeySystem_Demo_Exit	Code		thumb			0x021C4EC4	0x021C4E84
UnovaLink	KeySystem_Demo_Start	Code		thumb			0x021C4EFC	0x021C4EBC
UnovaLink	KeySystem_Demo_Main	Code		thumb			0x021C4F5C	0x021C4F1C
UnovaLink	KeySystem_Demo_MainModeUnlock	Code		thumb			0x021C4F68	0x021C4F28
UnovaLink	KeySystem_Demo_MainModeGet	Code		thumb			0x021C52E4	0x021C52A4
UnovaLink	KeySystem_NetCallBack_SendReceiveEnd	Code		thumb			0x021C5420	0x021C53E0
UnovaLink	MemoryLink_Seq_Main	Code		thumb			0x021C5424	0x021C53E4
UnovaLink	Data_KeySystem_UI_Main	Data	16	***4			0x021C8FA8	0x021C8F68
UnovaLink	Data_KeySystem_UI_SendReceive	Data	16	***4			0x021C8FB8	0x021C8F78
UnovaLink	Data_KeySystem_UI_Settings	Data	16	***4			0x021C8FC8	0x021C8F88
UnovaLink	Data_KeySystem_UI_Settings_Difficulty	Data	16	***4			0x021C8FD8	0x021C8F98
UnovaLink	Data_KeySystem_UI_Settings_City	Data	16	***4			0x021C8FE8	0x021C8FA8
UnovaLink	Data_KeySystem_UI_SendReceive_Receive	Data	16	***4			0x021C8FF8	0x021C8FB8
UnovaLink	Data_KeySystem_UI_SendReceive_Send	Data	16	***4			0x021C9008	0x021C8FC8
UnovaLink	Data_KeySystem_UI_SendReceive_YesNo	Data	16	***4			0x021C9018	0x021C8FD8
UnovaLink	Data_KeySystem_UI_Settings_Door	Data	16	***4			0x021C9028	0x021C8FE8
UnovaLink	Data_aMAN	Data	4				0x021C9314	0x021C92D4
UnovaLink	Data_aKeySystemUtilC	Data	18				0x021C9330	0x021C92F0
UnovaLink	Data_aKEM	Data	4				0x021C9480	0x021C9440
UnovaLink	Data_aKLL	Data	4				0x021C9484	0x021C9444
UnovaLink	Data_aDNM	Data	4				0x021C9488	0x021C9448